Textbox16,ACTUAL_SHIP_DATE_TIME,SHIPPING_LOAD_NUM,CUSTOMER,store,ERP_order,AISLE,PARENT_CONTAINER_ID,item,ITEM_DESC,coef,pck,pcs,total_piece,total_kg,LOT
1,16-Jul-26,1480118,48448,PYN,AM07057723245,21,00004000000052575363,0000000269712_1,OKEBIS CHOCOCHIPS EXTRA 86.5G_1C48P,48,0,43,43,0,01102027
2,16-Jul-26,1480118,48448,PYN,AM07057723245,21,00004000000052575387,0000000269712_1,OKEBIS CHOCOCHIPS EXTRA 86.5G_1C48P,48,0,5,5,0,01102027
3,16-Jul-26,1480118,48448,PYN,AM07057723681,31,00004000000052575462,0000000289008_1,ANAK RAJA BERAS KHUSUS MEDIUM 5 KG_1C5P,5,24,0,120,0,30062027
4,16-Jul-26,1480118,48448,PYN,AM07057723757,30,00004000000052575424,0000000147664_1,GULAKU PREMIUM 1 KG_1C24P,24,10,0,240,0,18062028
5,16-Jul-26,1480118,48448,PYN,AM07057723757,30,00004000000052575424,0000000147669_1,GULAKU KUNING 1 KG_1C24P,24,10,0,240,0,26062028
6,16-Jul-26,1480118,48448,PYN,AM07057723829,09,00004000000052575264,0000000139192_1,SELECTION SELECTION 75,72,0,3,3,0,12122029
7,16-Jul-26,1480118,48448,PYN,AM07057723829,02,00004000000052575226,0000000139222_1,SELECTION SELECTION 50,96,0,3,3,0,12022029
8,16-Jul-26,1480118,48448,PYN,AM07057723993,18,00004000000052575318,0000000263192_1,OOPS FRIES SAOS SAMBAL 50GR_1C30P,30,1,0,30,0,01012027
9,16-Jul-26,1480118,48448,PYN,AM07057724153,21,00004000000052575387,0000000244485_1,TANGO WAFER MATCHA 33G_1C4B_1B10P,40,1,0,40,0,09062027
10,16-Jul-26,1480118,48448,PYN,AM07057724153,21,00004000000052575387,0000000253644_1,TANGO WAFER HAZELNUT 33G_1C4B_1B10P,40,1,0,40,0,14052027
11,16-Jul-26,1480118,48448,PYN,CR07057734334,03,00004000000052588875,0000000000555_1,YOA CARE GUNTING KUKU _1C 288P,288,0,2,2,0,01052029
12,16-Jul-26,1480118,48448,PYN,CR07057734334,03,00004000000052588875,0000000003709_1,MARINA RO BLUE ANTIBACTERIAL 50ML,36,0,2,2,0,
13,16-Jul-26,1480118,48448,PYN,CR07057734334,03,00004000000052588875,0000000003713_1,MARINA RO PINK SOFT SMOOTH 50ML,36,0,1,1,0,01122028
14,16-Jul-26,1480118,48448,PYN,CR07057734334,16,00004000000052589018,0000000004917_1,JET Z CHOCO FIESTA 65GR_1C30P,30,0,2,2,0,12122026
15,16-Jul-26,1480118,48448,PYN,CR07057734334,03,00004000000052588875,0000000004950_1,MY BABY SHP BLACK SHINE 100ML,48,0,1,1,0,
16,16-Jul-26,1480118,48448,PYN,CR07057734334,34,00004000000052589285,0000000005608_1,IN LITE VALUE 9W PAKET,1,0,1,1,0,
17,16-Jul-26,1480118,48448,PYN,CR07057734334,29,00004000000052589230,0000000006311_1,GOOD SNACK KERUPUK TELUR IKAN 100G_1C24P_YM,24,0,2,2,0,01012027
18,16-Jul-26,1480118,48448,PYN,CR07057734334,32,00004000000052589261,0000000006441_1,TUJUH KURMA SUSU STERIL 189ML _1C24P,24,0,18,18,0,01062027
19,16-Jul-26,1480118,48448,PYN,CR07057734334,29,00004000000052589230,0000000007762_1,NISSIN GEKIKARA RAMEN CARBONARA PEDAS 120G_1C30P,30,0,2,2,0,12032027
20,16-Jul-26,1480118,48448,PYN,CR07057734334,29,00004000000052589223,0000000007763_1,NISSIN GEKIKARA RAMEN CARBONARA PEDAS 81G_1C30P,30,0,6,6,0,08042027
21,16-Jul-26,1480118,48448,PYN,CR07057734334,17,00004000000052589025,0000000007764_1,NISSIN GEKIKARA RAMEN RASA AYAM PEDAS 80G_1C30P,30,0,5,5,0,15042027
22,16-Jul-26,1480118,48448,PYN,CR07057734334,18,00004000000052589032,0000000008283_1,CHIKI BALLS COKLAT CURIOS CHOCO 55GR_1C30P,30,0,2,2,0,12012027
23,16-Jul-26,1480118,48448,PYN,CR07057734334,22,00004000000052589087,0000000008560_1,SEDAAP KECAP MANIS SPC REFILL 725G_1C12P,12,0,1,1,0,01012028
24,16-Jul-26,1480118,48448,PYN,CR07057734334,12,00004000000052588974,0000000008941_1,MAKARIZO VITAGLITZ ALOE MELON 6S 1C12,144,0,1,1,0,01062029
25,16-Jul-26,1480118,48448,PYN,CR07057734334,14,00004000000052589001,0000000010467_1,BIORE GUARD BW LIVELY REFRESH R800ML _1C9P,9,0,2,2,0,11062029
26,16-Jul-26,1480118,48448,PYN,CR07057734334,41,00004000000052589360,0000000011798_1,TOP SC KOPI GULA AREN 9X22G_1C20P,20,0,1,1,0,15042028
27,16-Jul-26,1480118,48448,PYN,CR07057734334,42,00004000000052589384,0000000012003_1,MOLTO PEWANGI PURPLE REF 765 ML_1C12P_68741008,12,0,1,1,0,12062028
28,16-Jul-26,1480118,48448,PYN,CR07057734334,42,00004000000052589384,0000000012865_1,CHARM PL COOLING FRESH 32SSYM,36,0,1,1,0,
29,16-Jul-26,1480118,48448,PYN,CR07057734334,04,00004000000052588882,0000000012914_1,BAYGON COIL MAX DB RED _1C60P,60,0,1,1,0,07072028
30,16-Jul-26,1480118,48448,PYN,CR07057734334,12,00004000000052588967,0000000013076_1,STELLA GEL ALL IN ONE CAFFE LATTE 42GR _1C18P,18,0,1,1,0,
31,16-Jul-26,1480118,48448,PYN,CR07057734334,41,00004000000052589353,0000000013587_1,OREO RED VELVET 105G_1C24P,24,0,5,5,0,19042027
32,16-Jul-26,1480118,48448,PYN,CR07057734334,01,00004000000052588851,0000000013801_1,CAMEL OPTION PURPLE 12S_1SL10P,52,0,1,1,0,09062027
33,16-Jul-26,1480118,48448,PYN,CR07057734334,12,00004000000052588974,0000000013940_1,AUTAN LOTION SAKURA TUBE 50ML,144,0,1,1,0,
34,16-Jul-26,1480118,48448,PYN,CR07057734334,14,00004000000052588998,0000000014267_1,SO KLIN LIQ DET PERFUME REF 1.6LT,6,0,2,2,0,
35,16-Jul-26,1480118,48448,PYN,CR07057734334,25,00004000000052589148,0000000015542_1,ANLENE GOLD PLUS VANILA 175GR_1C 24P_YM,24,0,1,1,0,23042027
36,16-Jul-26,1480118,48448,PYN,CR07057734334,25,00004000000052589155,0000000016656_1,TANGO WAFLE CHOCO HAZELNUT 75G_1C60P,60,0,1,1,0,12052027
37,16-Jul-26,1480118,48448,PYN,CR07057734334,40,00004000000052589339,0000000016718_1,KANZLER SINGLES HOT 60GR 1S C120,120,0,12,12,0,13122026
38,16-Jul-26,1480118,48448,PYN,CR07057734334,12,00004000000052588967,0000000018304_1,NUVO BW TOTAL PROTECT R800ML 1C12,12,0,3,3,0,01072028
39,16-Jul-26,1480118,48448,PYN,CR07057734334,03,00004000000052588875,0000000018559_1,PEPSODENT PG MULTI PROT COMP8 150GR_1C_48_68366022,48,0,1,1,0,24122028
40,16-Jul-26,1480118,48448,PYN,CR07057734334,12,00004000000052588974,0000000030019_1,ZEN BS PAKET SANDALWOOD 4X60G 1C24,24,0,1,1,0,12062029
41,16-Jul-26,1480118,48448,PYN,CR07057734334,23,00004000000052589094,0000000032219_1,AMUNIZER VIT C1000MG RTD 140ML_1C24P,24,0,2,2,0,11112027
42,16-Jul-26,1480118,48448,PYN,CR07057734334,42,00004000000052589384,0000000034313_1,ROYALE SWEET FLORAL REF 600ML_1C12P,12,0,2,2,0,12062028
43,16-Jul-26,1480118,48448,PYN,CR07057734334,25,00004000000052589155,0000000037929_1,GADJAH KOPI TUBRUK PURE 138G_1C20P,20,0,2,2,0,09042027
44,16-Jul-26,1480118,48448,PYN,CR07057734334,26,00004000000052589179,0000000047883_1,INDOMILK KIDS CHOCOLATE 6X115ML_1C8P,8,0,3,3,0,28022027
45,16-Jul-26,1480118,48448,PYN,CR07057734334,41,00004000000052589360,0000000048797_1,OREO LUP VANILLA CREME 32.8G PLUS 9.2G_1C12B_1B12P,144,0,3,3,0,09062027
46,16-Jul-26,1480118,48448,PYN,CR07057734334,18,00004000000052589032,0000000048994_1,LEMONILO CHIMI KRPK UBI BALADO 40 G_1C24P,24,0,1,1,0,25062027
47,16-Jul-26,1480118,48448,PYN,CR07057734334,23,00004000000052589094,0000000049076_1,MILO RTD UHT 4X110ML_1C9P,9,0,2,2,0,06062027
48,16-Jul-26,1480118,48448,PYN,CR07057734334,02,00004000000052588868,0000000049465_1,PROMAG 10S_1B3P,540,0,3,3,0,01012029
49,16-Jul-26,1480118,48448,PYN,CR07057734334,25,00004000000052589155,0000000050320_1,PROMINA PASTA MAC AND CHEESE 70GR_1C24P,24,0,2,2,0,27062027
50,16-Jul-26,1480118,48448,PYN,CR07057734334,12,00004000000052588967,0000000050813_1,NYU HAIR COL 4.00 HENNA SH NAT BROWN_1C4P,4,0,1,1,0,06122028
51,16-Jul-26,1480118,48448,PYN,CR07057734334,13,00004000000052588981,0000000052779_1,MARINA RO PURPLE CALMING CARE 50ML_YM,36,0,3,3,0,01122028
52,16-Jul-26,1480118,48448,PYN,CR07057734334,17,00004000000052589025,0000000052963_1,GURIBEE RUMPUT LAUT 65G_1C30P,30,0,3,3,0,30012027
53,16-Jul-26,1480118,48448,PYN,CR07057734334,15,00004000000052588844,0000000053603_1,ICHI OCHA GREEN TEA  350ML_1C24P,24,0,4,4,0,29052027
54,16-Jul-26,1480118,48448,PYN,CR07057734334,41,00004000000052589353,0000000053993_1,GERY SALUT MALKIST ABON 105G_1C30P,30,0,1,1,0,12042027
55,16-Jul-26,1480118,48448,PYN,CR07057734334,02,00004000000052588868,0000000054583_1,DIAPET 10S_1B12P,12,0,1,1,0,04042029
56,16-Jul-26,1480118,48448,PYN,CR07057734334,22,00004000000052589087,0000000054945_1,INDOFOOD SAMBAL PEDAS DAHSYAT 275ML_1C24P HCO,24,0,1,1,0,14112027
57,16-Jul-26,1480118,48448,PYN,CR07057734334,06,00004000000052588905,0000000055151_1,GREEN FACIAL TISSUE 200S BANDED_1C20P,20,0,2,2,0,08042029
58,16-Jul-26,1480118,48448,PYN,CR07057734334,16,00004000000052589018,0000000055797_1,MAXICORN ROASTED CORN 140G_1C20P,20,0,1,1,0,24012027
59,16-Jul-26,1480118,48448,PYN,CR07057734334,16,00004000000052589018,0000000055799_1,MAXICORN BBQ 140G_1C20P,20,0,1,1,0,19022027
60,16-Jul-26,1480118,48448,PYN,CR07057734334,17,00004000000052589025,0000000055801_1,MAXICORN NACHO CHEESE 140G_1C20P,20,0,2,2,0,07032027
61,16-Jul-26,1480118,48448,PYN,CR07057734334,17,00004000000052589025,0000000055828_1,PIATTOS SAPI PANGGANG 120 G_1C16P,16,0,1,1,0,23042027
62,16-Jul-26,1480118,48448,PYN,CR07057734334,41,00004000000052589346,0000000055874_1,GET GIT CHESEE WAFER 102G_1C24,24,0,2,2,0,04042027
63,16-Jul-26,1480118,48448,PYN,CR07057734334,41,00004000000052589353,0000000055875_1,GET GIT CHOCOLATE WAFER 102G_1C24,24,0,2,2,0,06062027
64,16-Jul-26,1480118,48448,PYN,CR07057734334,14,00004000000052588998,0000000056699_1,GIV BW PERFUME PASSION FLOWER R800ML 1C12,12,0,1,1,0,12052028
65,16-Jul-26,1480118,48448,PYN,CR07057734334,16,00004000000052589018,0000000056700_1,CHITATO LITE NORI SEAWEED 35G_1C40P,40,0,3,3,0,11032027
66,16-Jul-26,1480118,48448,PYN,CR07057734334,18,00004000000052589032,0000000056767_1,CHIKI TWIST ROASTED CORN 40G_1C40P,40,0,3,3,0,11102026
67,16-Jul-26,1480118,48448,PYN,CR07057734334,42,00004000000052589384,0000000061481_1,HERS PROTEX DAILY COMF CINNAMOROLL 23.5CM 20S 1C12,12,0,3,3,0,01062029
68,16-Jul-26,1480118,48448,PYN,CR07057734334,03,00004000000052588875,0000000062528_1,FRES N NAT FRG MIST DESRT MATCHA TWIST 100_1C24P,24,0,3,3,0,30032029
69,16-Jul-26,1480118,48448,PYN,CR07057734334,41,00004000000052589346,0000000064043_1,CEMCEM POPCORN KARAMEL 55GR_1C30P,30,0,2,2,0,28052027
70,16-Jul-26,1480118,48448,PYN,CR07057734334,01,00004000000052588851,0000000064442_1,CAMEL MILD INTENSE BLUE 16S_YM,600,0,4,4,0,15062027
71,16-Jul-26,1480118,48448,PYN,CR07057734334,29,00004000000052589230,0000000066078_1,SUKSESS ISI 2 MIE GORENG AYAM GEPREK 126GR_1C24P,24,0,4,4,0,22022027
72,16-Jul-26,1480118,48448,PYN,CR07057734334,02,00004000000052588868,0000000066335_1,SEGER SNOW MOISTURIZING CREAM 30GR_YM,12,0,2,2,0,26052028
73,16-Jul-26,1480118,48448,PYN,CR07057734334,03,00004000000052588875,0000000074897_1,BAGUS PIPI SIKAT GIGI KID JOY 1S,288,0,2,2,0,30012031
74,16-Jul-26,1480118,48448,PYN,CR07057734334,03,00004000000052588875,0000000074996_1,EVANGELINE EDP WHITE MUSK 100ML,432,0,1,1,0,12042031
75,16-Jul-26,1480118,48448,PYN,CR07057734334,42,00004000000052589384,0000000075214_1,HANASUI SUNSCREEN COLLAGEN WATER SPF50 30GR,48,0,1,1,0,04062029
76,16-Jul-26,1480118,48448,PYN,CR07057734334,13,00004000000052588981,0000000078165_1,POSH RO WMN HIJAB CHIC 50ML,24,0,2,2,0,08052029
77,16-Jul-26,1480118,48448,PYN,CR07057734334,06,00004000000052588905,0000000083321_1,MONTISS FACIAL TISSUE 150 SHEET_YM,48,0,1,1,0,19062029
78,16-Jul-26,1480118,48448,PYN,CR07057734334,28,00004000000052589209,0000000083402_1,INDOMILK KENTAL MANIS COKELAT POUCH 535G_1C24,24,0,7,7,0,28022027
79,16-Jul-26,1480118,48448,PYN,CR07057734334,03,00004000000052588875,0000000084630_1,EVANGELINE EDP SELECTION BLACK VANILLA 100ML,12,0,2,2,0,01042031
80,16-Jul-26,1480118,48448,PYN,CR07057734334,13,00004000000052588981,0000000085002_1,YOA CARE MASKER KF94 PINK 5S_1C200P,200,0,1,1,0,08042029
81,16-Jul-26,1480118,48448,PYN,CR07057734334,41,00004000000052589360,0000000086177_1,TAO KAE NOI SEASONED LAVER ORIGINAL 2X4GR_1C30P,30,0,2,2,0,28052027
82,16-Jul-26,1480118,48448,PYN,CR07057734334,11,00004000000052588950,0000000087658_1,EKONOMI PP SEREH REF 650ML,12,0,2,2,0,12052028
83,16-Jul-26,1480118,48448,PYN,CR07057734334,23,00004000000052589094,0000000088841_1,PUDDING RASA BELGIAN CHOCOLATE 130GR_1C36P,36,0,2,2,0,12052028
84,16-Jul-26,1480118,48448,PYN,CR07057734334,18,00004000000052589032,0000000089322_1,CHITATO RASA MI GORENG 65GR_1C30P,30,0,3,3,0,06032027
85,16-Jul-26,1480118,48448,PYN,CR07057734334,10,00004000000052588943,0000000089328_1,TESSA KITCHEN TOWEL TTP002 NATURE 1 ROLL_1C24P,24,0,1,1,0,01062029
86,16-Jul-26,1480118,48448,PYN,CR07057734334,10,00004000000052588943,0000000089613_1,SOFTEX NIGHT DAUNSIRIH 36CM 18S,20,0,1,1,0,12052029
87,16-Jul-26,1480118,48448,PYN,CR07057734334,04,00004000000052588882,0000000090538_1,NUVO BW MILD PROTECT R800ML 1C12,12,0,4,4,0,06052028
88,16-Jul-26,1480118,48448,PYN,CR07057734334,09,00004000000052588936,0000000092280_1,HERS PROTEX CINNAMON NIGHT 30CM 20S 1C12,12,0,2,2,0,08032029
89,16-Jul-26,1480118,48448,PYN,CR07057734334,27,00004000000052589186,0000000092854_1,SEDAAP MIE SOTO MADURA 82G_1C40P,40,0,6,6,0,15022027
90,16-Jul-26,1480118,48448,PYN,CR07057734334,15,00004000000052588844,0000000094183_1,A N W CAN 250 ML_1C24P,24,0,2,2,0,30062027
91,16-Jul-26,1480118,48448,PYN,CR07057734334,32,00004000000052589261,0000000094184_1,SCHWEPPES BOTANICAL CAN 250ML_1C24P,24,0,2,2,0,30062027
92,16-Jul-26,1480118,48448,PYN,CR07057734334,02,00004000000052588868,0000000095292_1,PLOSSA AROMATICS CITRUS 10ML_1B12P,72,0,1,1,0,01032028
93,16-Jul-26,1480118,48448,PYN,CR07057734334,42,00004000000052589377,0000000096756_1,SOFTEX COMFORT NIGHT29CM 9S 1C48,48,0,1,1,0,25052029
94,16-Jul-26,1480118,48448,PYN,CR07057734334,42,00004000000052589384,0000000097781_1,ZEN BW SANDALWOOD R800 1C12,12,0,1,1,0,03032029
95,16-Jul-26,1480118,48448,PYN,CR07057734334,20,00004000000052589056,0000000098495_1,CHIL KID PLATINUM VANILA 200GR_1C24P,24,0,1,1,0,20112027
96,16-Jul-26,1480118,48448,PYN,CR07057734334,30,00004000000052589247,0000000098704_1,SIIP POUCH 1.8 L_1C6P_YM,6,1,0,6,0,12042028
97,16-Jul-26,1480118,48448,PYN,CR07057734334,24,00004000000052589117,0000000099445_1,AMH JAHE MERAH ORIGINAL BOX 5X20GR_1C20P,20,0,2,2,0,01042028
98,16-Jul-26,1480118,48448,PYN,CR07057734334,02,00004000000052588868,0000000099692_1,LASERIN SACHET 15 ML_YM,480,0,1,1,0,03032030
99,16-Jul-26,1480118,48448,PYN,CR07057734334,02,00004000000052588868,0000000100120_1,BODREX FLU 4S_YM,1200,0,2,2,0,01022028
100,16-Jul-26,1480118,48448,PYN,CR07057734334,14,00004000000052589001,0000000100709_1,SO KLIN LIQUID DETERGENT LAVENDER PCH 525ML,6,0,1,1,0,02072028
101,16-Jul-26,1480118,48448,PYN,CR07057734334,25,00004000000052589148,0000000100865_1,GOOD DAY DUET MOCACARAMEL 5X22G_1C24P,24,0,1,1,0,13112027
102,16-Jul-26,1480118,48448,PYN,CR07057734334,14,00004000000052588998,0000000101559_1,SO KLIN LANTAI CITRUS GARDEN PCH 700ML,12,0,4,4,0,12052028
103,16-Jul-26,1480118,48448,PYN,CR07057734334,34,00004000000052589285,0000000101942_1,SCOTCHBRITE SABUT CUCI PIRING JARING ID_M60_YM,20,0,2,2,0,08062029
104,16-Jul-26,1480118,48448,PYN,CR07057734334,42,00004000000052589377,0000000101950_1,VAPE AEROSOL SWEET POWDER 600ML_1C12P,12,0,1,1,0,03032029
105,16-Jul-26,1480118,48448,PYN,CR07057734334,26,00004000000052589179,0000000102686_1,MUJIGAE BANANA MILK ORIGINAL 250ML_1C12P,12,0,8,8,0,02102027
106,16-Jul-26,1480118,48448,PYN,CR07057734334,02,00004000000052588868,0000000103869_1,GATSBY EDP EAU DE BLUE AIR CODE 100MLD,1,0,1,1,0,04042029
107,16-Jul-26,1480118,48448,PYN,CR07057734334,25,00004000000052589155,0000000104219_1,HEALTHY WAY 3 MADU 725G_1C12P,12,0,1,1,0,19092027
108,16-Jul-26,1480118,48448,PYN,CR07057734334,03,00004000000052588875,0000000104700_1,CLOSE UP PG COMP FRESH PROTECTN160G_1C48P_68922684,48,0,1,1,0,12062029
109,16-Jul-26,1480118,48448,PYN,CR07057734334,13,00004000000052588981,0000000104881_1,ZEN BS PAKET TEA TREE 4X60GR 1C24,24,0,1,1,0,12062029
110,16-Jul-26,1480118,48448,PYN,CR07057734334,20,00004000000052589056,0000000105103_1,CHIL GO 1 VANILA 950G_1C6P,6,0,1,1,0,12122027
111,16-Jul-26,1480118,48448,PYN,CR07057734334,25,00004000000052589148,0000000106919_1,PROMINA MI BATITA AYAM KAMPUNG 75G_1C24P,24,0,1,1,0,02052027
112,16-Jul-26,1480118,48448,PYN,CR07057734334,14,00004000000052589001,0000000108488_1,GIV BW HIJAB SAFFRON R 400ML 1C12,12,0,1,1,0,31052028
113,16-Jul-26,1480118,48448,PYN,CR07057734334,13,00004000000052588981,0000000108937_1,SOFFEL LOTION KOREAN SUMMER TUBE 60ML,12,0,1,1,0,12062028
114,16-Jul-26,1480118,48448,PYN,CR07057734334,12,00004000000052588967,0000000109271_1,CBD HAIR MASK KERATIN PRO 30G_1C72P,72,0,2,2,0,05052029
115,16-Jul-26,1480118,48448,PYN,CR07057734334,23,00004000000052589094,0000000111276_1,NUTRISARI RTD SQUEEZED ORANGE 200ML_1C24P,24,0,2,2,0,08072027
116,16-Jul-26,1480118,48448,PYN,CR07057734334,15,00004000000052588844,0000000112359_1,CHAMPION 4 IN 1 W DHA BAG 4X24G_1C30P_YM,30,0,2,2,0,12052027
117,16-Jul-26,1480118,48448,PYN,CR07057734334,04,00004000000052588882,0000000114837_1,HIT AEROSOL LILY BLOSSOM 400ML_1C12P,12,0,1,1,0,12052029
118,16-Jul-26,1480118,48448,PYN,CR07057734334,01,00004000000052588851,0000000118331_1,FITBAR CHEESE 20G_1C6B12P,72,0,1,1,0,12062027
119,16-Jul-26,1480118,48448,PYN,CR07057734334,16,00004000000052589018,0000000118557_1,ALAMII CHEESE PUFFS 15G_1C24P_YM,24,0,1,1,0,01072027
120,16-Jul-26,1480118,48448,PYN,CR07057734334,41,00004000000052589353,0000000118570_1,ALAMII CHOCOLATE PUFFS 18 G_1C24P_YM,24,0,3,3,0,06042027
121,16-Jul-26,1480118,48448,PYN,CR07057734334,24,00004000000052589124,0000000119002_1,KOBE BON CABE LEVEL 50 MAX END 30G_1C24P,24,0,1,1,0,18042028
122,16-Jul-26,1480118,48448,PYN,CR07057734334,02,00004000000052588868,0000000121969_1,KYE ACNE CLEAR PATCH TEA TREE INFUSION 36PATCHES,1728,0,1,1,0,01042029
123,16-Jul-26,1480118,48448,PYN,CR07057734334,02,00004000000052588868,0000000122604_1,EVANGELINE ROLL ON 50ML YURA_YM,1,0,1,1,0,01062031
124,16-Jul-26,1480118,48448,PYN,CR07057734334,24,00004000000052589117,0000000123457_1,INDOFOOD RACIK TEPUNG BUMBU SERBAGUNA 210G_1C24P,24,0,2,2,0,13092027
125,16-Jul-26,1480118,48448,PYN,CR07057734334,24,00004000000052589117,0000000123461_1,INDOFOOD RACIK TEPUNG BUMBU AYAM KRISPI 210G_1C24P,24,0,3,3,0,22092027
126,16-Jul-26,1480118,48448,PYN,CR07057734334,13,00004000000052588981,0000000126968_1,CIPTADENT PG MAXI JUMBO COOL MINT 225GR_1C24,24,0,3,3,0,27032029
127,16-Jul-26,1480118,48448,PYN,CR07057734334,24,00004000000052589117,0000000127238_1,MAMASUKA GIM BORI ORIGINAL 30G_1C48P,48,0,5,5,0,12072027
128,16-Jul-26,1480118,48448,PYN,CR07057734334,24,00004000000052589117,0000000127543_1,KOPI TUBRUK GADJAH ASLI 60GR POUCH_1C40P_YM,40,0,1,1,0,12052027
129,16-Jul-26,1480118,48448,PYN,CR07057734334,28,00004000000052589209,0000000127639_1,INDOMILK KENTAL MANIS SACH 6X40_1C20P,20,0,5,5,0,28062027
130,16-Jul-26,1480118,48448,PYN,CR07057734334,25,00004000000052589148,0000000127669_1,NESTLE PISANG PREBIOTIK 120_1C40P,40,0,1,1,0,12082027
131,16-Jul-26,1480118,48448,PYN,CR07057734334,15,00004000000052588844,0000000127678_1,INDOMILK CHOCOLATE BTL 190ML_1C24P,24,0,6,6,0,28022027
132,16-Jul-26,1480118,48448,PYN,CR07057734334,33,00004000000052589278,0000000127689_1,INDOMILK STRAWBERRY  BTL 190ML_1C24P,24,0,2,2,0,28032027
133,16-Jul-26,1480118,48448,PYN,CR07057734334,05,00004000000052588899,0000000127925_1,VIXAL PEMB PORSELEN HIJAU 700GR_1C12P_65486548,12,0,2,2,0,02072028
134,16-Jul-26,1480118,48448,PYN,CR07057734334,11,00004000000052588950,0000000127927_1,WIPOL KARBOL CEMARA BTL 450ML _1C24P_62040789,24,0,1,1,0,08062028
135,16-Jul-26,1480118,48448,PYN,CR07057734334,11,00004000000052588950,0000000127928_1,VIXAL PEMB PORSELEN BIRU 700GR_1C12P_65486546,12,0,3,3,0,12072028
136,16-Jul-26,1480118,48448,PYN,CR07057734334,05,00004000000052588899,0000000127929_1,SO KLIN LANTAI LEMON YELLOW POUCH 770ML,12,0,1,1,0,25052028
137,16-Jul-26,1480118,48448,PYN,CR07057734334,04,00004000000052588882,0000000127938_1,PORSTEX PEMBERSIH PORSELEN WB UNGU 1000ML _1C12P,12,0,1,1,0,01042031
138,16-Jul-26,1480118,48448,PYN,CR07057734334,04,00004000000052588882,0000000128399_1,WINGS PEMBERSIH PORSELEN BIRU 360GR_1C12P,12,0,2,2,0,06072028
139,16-Jul-26,1480118,48448,PYN,CR07057734334,11,00004000000052588950,0000000128403_1,SO KLIN SOFTENER BLUE REF 1.7LT _1C6P,6,0,2,2,0,08062028
140,16-Jul-26,1480118,48448,PYN,CR07057734334,05,00004000000052588899,0000000128432_1,PORSTEX PEMBERSIH PORSELEN WL BIRU 500ML _1C12P,12,0,1,1,0,01062031
141,16-Jul-26,1480118,48448,PYN,CR07057734334,42,00004000000052589377,0000000128448_1,SOS LANTAI MAGIC LAVENDER REF 500ML,12,0,1,1,0,01062028
142,16-Jul-26,1480118,48448,PYN,CR07057734334,14,00004000000052588998,0000000128481_1,SO KLIN PEWANGI VIOLET REF 780ML_1C12P,12,0,2,2,0,08062028
143,16-Jul-26,1480118,48448,PYN,CR07057734334,08,00004000000052588929,0000000128521_1,MAMA LEMON PP LEMON REF 610GR_1C12P,12,1,0,12,0,19062029
144,16-Jul-26,1480118,48448,PYN,CR07057734334,41,00004000000052589353,0000000128670_1,LEMONILO BROWNIES CRISPY KEJU 40G_1C12P,12,0,1,1,0,08052027
145,16-Jul-26,1480118,48448,PYN,CR07057734334,18,00004000000052589032,0000000128672_1,LEMONILO BROWNIES CHOCOCHIPS 40G_1C12P,12,0,3,3,0,19052027
146,16-Jul-26,1480118,48448,PYN,CR07057734334,12,00004000000052588967,0000000128771_1,PUTRI HT GINSENG 200ML 1C24,24,0,1,1,0,12042029
147,16-Jul-26,1480118,48448,PYN,CR07057734334,30,00004000000052589247,0000000130055_1,BEAR BRAND STERILISED 189 ML _1C30P,30,1,0,30,0,09092027
148,16-Jul-26,1480118,48448,PYN,CR07057734334,20,00004000000052589056,0000000130113_1,FRISIAN FLAG 3 PLUS MADU 750G_1C18P,18,0,1,1,0,01102027
149,16-Jul-26,1480118,48448,PYN,CR07057734334,25,00004000000052589162,0000000130795_1,PEDIASURE COKLAT 400 GR_1C24P,24,0,1,1,0,01052027
150,16-Jul-26,1480118,48448,PYN,CR07057734334,03,00004000000052588875,0000000130943_1,KIWI SHOE POLISH WAX PASTA BLACK 45ML,1,0,1,1,0,04112028
151,16-Jul-26,1480118,48448,PYN,CR07057734334,04,00004000000052588882,0000000130956_1,MAMA LEMON PP LEMON REF 105ML,24,0,2,2,0,15062029
152,16-Jul-26,1480118,48448,PYN,CR07057734334,42,00004000000052589384,0000000130958_1,MAMA LIME PP LIME REF 105ML,24,0,2,2,0,31052029
153,16-Jul-26,1480118,48448,PYN,CR07057734334,42,00004000000052589377,0000000131042_1,WINGS CREAM BIRU 380GR,12,0,4,4,0,20062028
154,16-Jul-26,1480118,48448,PYN,CR07057734334,15,00004000000052588844,0000000132661_1,CIMORY UHT MARIE BISCUIT 250 ML_1C24P,24,0,1,1,0,05032027
155,16-Jul-26,1480118,48448,PYN,CR07057734334,25,00004000000052589148,0000000132812_1,SUN BISCUIT MARIE 150 GR_1C24P,24,0,1,1,0,12042028
156,16-Jul-26,1480118,48448,PYN,CR07057734334,25,00004000000052589148,0000000133365_1,SUN BUBUR SEREAL AYAM KAMPUNG N BAYAM 120G_1C24P,24,0,1,1,0,14042028
157,16-Jul-26,1480118,48448,PYN,CR07057734334,20,00004000000052589056,0000000133378_1,PROMINA MARIE BISCUITS ROLL 150_1C24P,24,0,1,1,0,18052028
158,16-Jul-26,1480118,48448,PYN,CR07057734334,05,00004000000052588899,0000000133437_1,BAYCLIN PEMUTIH REGULER BTL 200ML _1C48P,48,0,1,1,0,02022028
159,16-Jul-26,1480118,48448,PYN,CR07057734334,42,00004000000052589377,0000000133447_1,VAPE AEROSOL ORANGE 600ML _1C12P,12,0,1,1,0,07072029
160,16-Jul-26,1480118,48448,PYN,CR07057734334,04,00004000000052588882,0000000133468_1,BAYGON AEROSOL CITRUS FRESH 200ML _1C12P_YM,12,0,1,1,0,04042030
161,16-Jul-26,1480118,48448,PYN,CR07057734334,12,00004000000052588967,0000000133472_1,DORA RACUN TIKUS 100GR _1C24P,24,0,1,1,0,01062028
162,16-Jul-26,1480118,48448,PYN,CR07057734334,12,00004000000052588974,0000000133476_1,HIT ELECTRIC MAT ALAT EKONOMIS SET,48,0,1,1,0,01062029
163,16-Jul-26,1480118,48448,PYN,CR07057734334,12,00004000000052588974,0000000133477_1,GAJAH LEM TIKUS TRAP 75GR _1C72P,6,0,1,1,0,08062029
164,16-Jul-26,1480118,48448,PYN,CR07057734334,12,00004000000052588967,0000000133478_1,HIT ELECTRIC MAT CLASSIC 48S _1C72P,72,0,4,4,0,01032029
165,16-Jul-26,1480118,48448,PYN,CR07057734334,12,00004000000052588967,0000000133488_1,VAPE COIL JUMBO REGULER _1C60P,60,0,7,7,0,07072028
166,16-Jul-26,1480118,48448,PYN,CR07057734334,12,00004000000052588974,0000000133490_1,KIRIKO LEM TIKUS TRAP 2S,80,0,1,1,0,12062029
167,16-Jul-26,1480118,48448,PYN,CR07057734334,12,00004000000052588967,0000000133491_1,KING KONG COIL JUMBO _1C60P,60,0,4,4,0,08022029
168,16-Jul-26,1480118,48448,PYN,CR07057734334,12,00004000000052588967,0000000133496_1,SOFFELL LOTION GERANIUM BOTOL 60GR,144,0,2,2,0,05052029
169,16-Jul-26,1480118,48448,PYN,CR07057734334,12,00004000000052588967,0000000133942_1,SELSUN SH YELLOW 50ML,72,0,1,1,0,04042029
170,16-Jul-26,1480118,48448,PYN,CR07057734334,12,00004000000052588967,0000000134018_1,REJOICE SH RICH SOFT SMOOTH 135ML_1C24P,24,0,1,1,0,01062029
171,16-Jul-26,1480118,48448,PYN,CR07057734334,19,00004000000052589049,0000000135141_1,DANCOW INSTANT BOX 195 GR_1C40P,40,0,1,1,0,12122027
172,16-Jul-26,1480118,48448,PYN,CR07057734334,11,00004000000052588950,0000000135157_1,JAZ1 POW DET SOFTENER 1.4KG,6,0,1,1,0,07072029
173,16-Jul-26,1480118,48448,PYN,CR07057734334,41,00004000000052589353,0000000135400_1,MR POTATO ORIGINAL 35 GR_1C24P,24,0,3,3,0,05062027
174,16-Jul-26,1480118,48448,PYN,CR07057734334,16,00004000000052589018,0000000135409_1,BASRENG SEUHAH ORIGINAL 175GR_1C15P_YM,1,0,1,1,0,12122026
175,16-Jul-26,1480118,48448,PYN,CR07057734334,18,00004000000052589032,0000000135413_1,BASRENG SEUHAH PEDAS 175GR_1C15P_YM,1,0,1,1,0,12122026
176,16-Jul-26,1480118,48448,PYN,CR07057734334,24,00004000000052589124,0000000135483_1,ABC SARDEN CHILI 155 GR_1C60P,60,0,2,2,0,28052028
177,16-Jul-26,1480118,48448,PYN,CR07057734334,29,00004000000052589223,0000000135555_1,INDOMIE GORENG RENDANG JUMBO 120GR_1C24P,24,0,4,4,0,26022027
178,16-Jul-26,1480118,48448,PYN,CR07057734334,33,00004000000052589278,0000000135619_1,KOPI KENANGAN INDONESIANO 200ML_1C24P,24,0,1,1,0,12062027
179,16-Jul-26,1480118,48448,PYN,CR07057734334,03,00004000000052588875,0000000135686_1,BARAKAT PG SIWAK GREEN TEA 190GR_1C24P,24,0,1,1,0,04032029
180,16-Jul-26,1480118,48448,PYN,CR07057734334,11,00004000000052588950,0000000135921_1,SO KLIN PEWANGI PINK REF 780ML_1C12P,12,0,2,2,0,30062028
181,16-Jul-26,1480118,48448,PYN,CR07057734334,21,00004000000052589063,0000000136111_1,DELFI  TWISTER THINS CHOCO15_1C10B12P,12,0,1,1,0,24082027
182,16-Jul-26,1480118,48448,PYN,CR07057734334,28,00004000000052589209,0000000136206_1,OREO BBERRY IC ACTIVATION 105G_1C24P,24,0,4,4,0,28062027
183,16-Jul-26,1480118,48448,PYN,CR07057734334,25,00004000000052589155,0000000136233_1,KHONG GUAN CREAM CRACKERS 115G_1C20P,20,0,1,1,0,09052027
184,16-Jul-26,1480118,48448,PYN,CR07057734334,02,00004000000052588868,0000000136419_1,VIVA CLEANSING MILK CUCUMBER 100ML _1C36P,36,0,1,1,0,05052029
185,16-Jul-26,1480118,48448,PYN,CR07057734334,03,00004000000052588875,0000000136426_1,ENZIM PG FRESH MINT 124 GR,36,0,2,2,0,01022029
186,16-Jul-26,1480118,48448,PYN,CR07057734334,34,00004000000052589285,0000000136493_1,BAGUS SIKAT SEPATU W_3354,12,0,2,2,0,
187,16-Jul-26,1480118,48448,PYN,CR07057734334,03,00004000000052588875,0000000136501_1,CIPTADENT PASTA GIGI FRESH 120,48,0,1,1,0,15062029
188,16-Jul-26,1480118,48448,PYN,CR07057734334,34,00004000000052589285,0000000136515_1,BAGUS SIKAT OTHER BRUSH W_20930,12,0,1,1,0,
189,16-Jul-26,1480118,48448,PYN,CR07057734334,13,00004000000052588981,0000000136532_1,MARINA UV WHT HBL BRIGHTNFRESH 185ML,48,0,1,1,0,12012029
190,16-Jul-26,1480118,48448,PYN,CR07057734334,13,00004000000052588981,0000000136591_1,LERVIA BS GOAT MILK 80GR,72,0,3,3,0,12072029
191,16-Jul-26,1480118,48448,PYN,CR07057734334,13,00004000000052588981,0000000136643_1,CUSSONS CREAM MILD GENTLE 50GR 1C72P,72,0,2,2,0,01032029
192,16-Jul-26,1480118,48448,PYN,CR07057734334,06,00004000000052588905,0000000136757_1,CHARM BF EXTRA MAXI WING 23CM 30S _1C24P,24,0,2,2,0,29032029
193,16-Jul-26,1480118,48448,PYN,CR07057734334,13,00004000000052588981,0000000136889_1,ORAL B CLASSIC ULTRA CLEAN M 1S _1C96P_1B12P,96,0,1,1,0,09052029
194,16-Jul-26,1480118,48448,PYN,CR07057734334,03,00004000000052588875,0000000136937_1,GATSBY SPLASH COL MUSKY DEEP OCEAN 175ML,8,0,1,1,0,08062029
195,16-Jul-26,1480118,48448,PYN,CR07057734334,42,00004000000052589377,0000000136981_1,LAURIER PL CLEANFRESH PERFUMED 20S _1C84P,84,0,1,1,0,09062029
196,16-Jul-26,1480118,48448,PYN,CR07057734334,12,00004000000052588967,0000000137018_1,ASEPSO BS 80,144,0,1,1,0,05032029
197,16-Jul-26,1480118,48448,PYN,CR07057734334,12,00004000000052588967,0000000137048_1,DETTOL ANTISEPTIC LIQUID 95 ML _1C48P,48,0,1,1,0,01042029
198,16-Jul-26,1480118,48448,PYN,CR07057734334,09,00004000000052588936,0000000137249_1,MITU BABY WIPES FRESH N CLEAN BLUE 40S BANDED_1C24,24,0,2,2,0,12062028
199,16-Jul-26,1480118,48448,PYN,CR07057734334,13,00004000000052588981,0000000137252_1,CASABLANCA FEMME RO PINK ROMANTIC 50ML,72,0,1,1,0,01042030
200,16-Jul-26,1480118,48448,PYN,CR07057734334,34,00004000000052589285,0000000137282_1,SCOTCHBRITE LAM JUNIPER HD_LAM STD 1_29,48,0,1,1,0,
201,16-Jul-26,1480118,48448,PYN,CR07057734334,12,00004000000052588967,0000000137305_1,SHINZUI BS MATSU 80G 1C144,144,0,2,2,0,12062029
202,16-Jul-26,1480118,48448,PYN,CR07057734334,21,00004000000052589063,0000000137913_1,RITZ SANDWICH SWEET CHEESE 91G_1C36,36,0,8,8,0,12062027
203,16-Jul-26,1480118,48448,PYN,CR07057734334,01,00004000000052588851,0000000137959_1,LOTTE XYLITOL JERUK NIPIS 11.6G_1B15P_YM,180,0,1,1,0,04082027
204,16-Jul-26,1480118,48448,PYN,CR07057734334,01,00004000000052588851,0000000138004_1,PAGODA MINT 20G BIRU_1B12P,360,0,1,1,0,12112029
205,16-Jul-26,1480118,48448,PYN,CR07057734334,25,00004000000052589155,0000000138048_1,KOPIKO CAPPUCCINO 105G_1C36P,36,0,1,1,0,06062027
206,16-Jul-26,1480118,48448,PYN,CR07057734334,01,00004000000052588851,0000000138051_1,RELAXA BARLEY MINT 108 GR_1C24P,24,0,1,1,0,25122027
207,16-Jul-26,1480118,48448,PYN,CR07057734334,25,00004000000052589148,0000000138291_1,AIM ROASTED CORN 180G_1C24P,24,0,2,2,0,22072027
208,16-Jul-26,1480118,48448,PYN,CR07057734334,01,00004000000052588851,0000000138329_1,HAPPYDENT WHITE 14G_1B15P_826991,120,0,1,1,0,12122027
209,16-Jul-26,1480118,48448,PYN,CR07057734334,25,00004000000052589148,0000000138409_1,SELAMAT WAFER 128G_1C24P,24,1,1,25,0,19082027
210,16-Jul-26,1480118,48448,PYN,CR07057734334,25,00004000000052589148,0000000138456_1,NISSIN MINI STICK_1C10P,10,0,1,1,0,19062027
211,16-Jul-26,1480118,48448,PYN,CR07057734334,25,00004000000052589148,0000000138456_1,NISSIN MINI STICK_1C10P,10,0,1,1,0,20052027
212,16-Jul-26,1480118,48448,PYN,CR07057734334,25,00004000000052589148,0000000138487_1,NISSIN VEGETABLE 160 _1C30P,30,0,2,2,0,12072027
213,16-Jul-26,1480118,48448,PYN,CR07057734334,13,00004000000052588981,0000000138519_1,FORMULA SG RIPPLE HELM S_1C72P_XX,72,0,2,2,0,24062029
214,16-Jul-26,1480118,48448,PYN,CR07057734334,21,00004000000052589070,0000000138537_1,NISSIN BUTTER COCONUT 200G _1C24P,24,0,4,4,0,21062027
215,16-Jul-26,1480118,48448,PYN,CR07057734334,13,00004000000052588981,0000000138656_1,VASELINE HBL HW UV LIGHTENING 100ML_1C36P_21185708,36,0,2,2,0,12072028
216,16-Jul-26,1480118,48448,PYN,CR07057734334,25,00004000000052589155,0000000138766_1,TINI WINI BITI ASIN 30GR_1C40P,40,0,2,2,0,12052027
217,16-Jul-26,1480118,48448,PYN,CR07057734334,01,00004000000052588851,0000000138925_1,KRAFT SINGLE EXTRA 10S 150GR_1C30P,30,0,1,1,0,22042027
218,16-Jul-26,1480118,48448,PYN,CR07057734334,13,00004000000052588981,0000000139027_1,CASABLANCA HOMME RO BLUE AMBITIOUS 50ML,1,0,1,1,0,01042030
219,16-Jul-26,1480118,48448,PYN,CR07057734334,03,00004000000052588875,0000000139135_1,CLOSE UP PG GEL GREEN 65GR_ 1C48P _21133369,48,0,3,3,0,12032029
220,16-Jul-26,1480118,48448,PYN,CR07057734334,12,00004000000052588974,0000000139205_1,NUVO BS NATURE PROTECT GREEN 80G _1C72P,72,0,3,3,0,13052029
221,16-Jul-26,1480118,48448,PYN,CR07057734334,03,00004000000052588875,0000000139293_1,CUSSONS KIDS TOOTHPASTE STRAWBERRY 45GR,144,0,1,1,0,01042029
222,16-Jul-26,1480118,48448,PYN,CR07057734334,13,00004000000052588981,0000000139363_1,JOHNSON CREAM 50GR,24,0,1,1,0,01042029
223,16-Jul-26,1480118,48448,PYN,CR07057734334,13,00004000000052588981,0000000139376_1,MITU BABY WIPES FRESH N CLEAN BLUE 10S BANDED_1C72,144,0,1,1,0,08022028
224,16-Jul-26,1480118,48448,PYN,CR07057734334,09,00004000000052588936,0000000139390_1,LAURIER SC SPR MAXI 30,24,0,1,1,0,01072029
225,16-Jul-26,1480118,48448,PYN,CR07057734334,24,00004000000052589131,0000000139588_1,LAFONTE MACARONI CHEESE 63GR_1C40P,40,0,1,1,0,29042027
226,16-Jul-26,1480118,48448,PYN,CR07057734334,25,00004000000052589162,0000000140082_1,AIM ROASTED CORN 80G _1C30P,30,0,2,2,0,18082027
227,16-Jul-26,1480118,48448,PYN,CR07057734334,01,00004000000052588851,0000000140124_1,MENTOS ROLL FRUIT_1B24P_631513,192,0,2,2,0,12122027
228,16-Jul-26,1480118,48448,PYN,CR07057734334,34,00004000000052589285,0000000140126_1,BATERAI ABC CZ SPW R20 2S,1,0,2,2,0,01042029
229,16-Jul-26,1480118,48448,PYN,CR07057734334,01,00004000000052588851,0000000140228_1,FROZZ BLUEBERRY MINT 15G_1B24P_1C6B,144,0,1,1,0,05052028
230,16-Jul-26,1480118,48448,PYN,CR07057734334,01,00004000000052588851,0000000140251_1,FROZZ BARLEY MINT 15G_1B24P_1C6B,144,0,1,1,0,12062028
231,16-Jul-26,1480118,48448,PYN,CR07057734334,34,00004000000052589285,0000000140328_1,ENERGIZER ALKALINE MAX E 9 2AAA2S,216,0,1,1,0,01122035
232,16-Jul-26,1480118,48448,PYN,CR07057734334,25,00004000000052589155,0000000140452_1,BENG BENG 3X20G_1C8B_1B10P,80,0,10,10,0,01042027
233,16-Jul-26,1480118,48448,PYN,CR07057734334,13,00004000000052588981,0000000140663_1,MARINA UV WHT HBL HEALTHYNGLOW 92ML,10,0,1,1,0,01012029
234,16-Jul-26,1480118,48448,PYN,CR07057734334,13,00004000000052588981,0000000140676_1,MARINA UV WHT HBL BRIGHTNFRESH 92ML,48,0,1,1,0,12042029
235,16-Jul-26,1480118,48448,PYN,CR07057734334,24,00004000000052589124,0000000140748_1,SWALLOW GLOBE AGAR PUTIH 7 GR_1B12P,288,0,1,1,0,26052029
236,16-Jul-26,1480118,48448,PYN,CR07057734334,25,00004000000052589155,0000000140852_1,NISSIN NITTO WAFER 10X17G_1C20P,20,0,10,10,0,12062027
237,16-Jul-26,1480118,48448,PYN,CR07057734334,21,00004000000052589063,0000000140896_1,NISSIN WALENS CHOCOLATE SOES 100G _1C30P,30,0,5,5,0,09062027
238,16-Jul-26,1480118,48448,PYN,CR07057734334,41,00004000000052589346,0000000140904_1,ROMA MARIE BARU 115_1C40P,40,0,3,3,0,01042027
239,16-Jul-26,1480118,48448,PYN,CR07057734334,21,00004000000052589063,0000000141000_1,DELFI TWISTER BLACK 70GR_1C20P,20,0,1,1,0,12082027
240,16-Jul-26,1480118,48448,PYN,CR07057734334,13,00004000000052588981,0000000141237_1,JOHNSON BATH MILK RICE 200ML,48,0,2,2,0,07052029
241,16-Jul-26,1480118,48448,PYN,CR07057734334,12,00004000000052588967,0000000141238_1,DETTOL BS FRESH 100G _1C144P,144,0,2,2,0,01112028
242,16-Jul-26,1480118,48448,PYN,CR07057734334,13,00004000000052588981,0000000141316_1,CALADINE POWDER ORIGINAL 100GR,96,0,1,1,0,12052031
243,16-Jul-26,1480118,48448,PYN,CR07057734334,03,00004000000052588875,0000000141598_1,ORAL B CLASSIC ULTRA CLEAN M 2S _1C96P_1B12P,96,0,1,1,0,13042029
244,16-Jul-26,1480118,48448,PYN,CR07057734334,13,00004000000052588981,0000000141599_1,PEPSODENT PG WWHITENING75GR _1C144P_20068202,144,0,1,1,0,02062029
245,16-Jul-26,1480118,48448,PYN,CR07057734334,42,00004000000052589377,0000000141706_1,CUSSONS BABY WIPES SOFT N SMOOTH 10S BANDED_1C18P,72,0,1,1,0,01052029
246,16-Jul-26,1480118,48448,PYN,CR07057734334,42,00004000000052589377,0000000141735_1,LAURIER SC SPR MAXI 10,48,0,2,2,0,21052029
247,16-Jul-26,1480118,48448,PYN,CR07057734334,12,00004000000052588974,0000000141740_1,BIORE BW WHITE R380ML 1C12,12,0,2,2,0,18042029
248,16-Jul-26,1480118,48448,PYN,CR07057734334,12,00004000000052588974,0000000141745_1,HARMONY BS ORANGE 70G,72,0,2,2,0,01062029
249,16-Jul-26,1480118,48448,PYN,CR07057734334,12,00004000000052588974,0000000141774_1,HARMONY BS LEMON 70G,72,0,2,2,0,01062029
250,16-Jul-26,1480118,48448,PYN,CR07057734334,12,00004000000052588967,0000000141804_1,BIORE GUARD BF ACTIVE ANTI BACTERI B 100ML _1C48P,48,0,1,1,0,18052029
251,16-Jul-26,1480118,48448,PYN,CR07057734334,21,00004000000052589070,0000000141950_1,NYAM NYAM FANTASY STK CHOCO RAINBOW 22.5G_1C12B12P,144,0,4,4,0,12042027
252,16-Jul-26,1480118,48448,PYN,CR07057734334,34,00004000000052589285,0000000142527_1,ABC ALK ALKALINE MILP LR 3AAA2S,1,0,1,1,0,01062031
253,16-Jul-26,1480118,48448,PYN,CR07057734334,25,00004000000052589155,0000000142547_1,MENTOS FRUIT 40S_1C40P_631503,40,0,1,1,0,17062028
254,16-Jul-26,1480118,48448,PYN,CR07057734334,21,00004000000052589063,0000000142564_1,OREO CHOCOLATE ACTIVATION 105G_1C24P,24,0,1,1,0,30052027
255,16-Jul-26,1480118,48448,PYN,CR07057734334,09,00004000000052588936,0000000142596_1,CHARM SAFE NIGHT 29CM 20S _1C24P,24,0,4,4,0,27022029
256,16-Jul-26,1480118,48448,PYN,CR07057734334,21,00004000000052589063,0000000142900_1,KHONG GUAN MALKIST ABON 135G_1C20P,20,0,1,1,0,01042027
257,16-Jul-26,1480118,48448,PYN,CR07057734334,24,00004000000052589117,0000000143100_1,SWALLOW GLOBE AGAR COKLAT 7 GR_1B12P,288,0,2,2,0,11052029
258,16-Jul-26,1480118,48448,PYN,CR07057734334,16,00004000000052589018,0000000143206_1,ROMA MALKIST SWEET CRACKERS 105GR_1C30P,30,0,2,2,0,06062027
259,16-Jul-26,1480118,48448,PYN,CR07057734334,17,00004000000052589025,0000000143272_1,ROMA COCONUT 300GR_1C28P,28,0,7,7,0,12062027
260,16-Jul-26,1480118,48448,PYN,CR07057734334,21,00004000000052589063,0000000143304_1,CHO CHO CHOCO RICE CRISPY 29G_1C6B10P,60,0,2,2,0,06032027
261,16-Jul-26,1480118,48448,PYN,CR07057734334,16,00004000000052589018,0000000143459_1,NISSIN CRISPY 225G_1C30P,30,0,2,2,0,08072027
262,16-Jul-26,1480118,48448,PYN,CR07057734334,21,00004000000052589063,0000000143561_1,OREO VANILLA ACTIVATION 105G_1C24P,24,0,3,3,0,25062027
263,16-Jul-26,1480118,48448,PYN,CR07057734334,41,00004000000052589353,0000000143573_1,MONDE BLUE SHELL K 454G_1C12P,12,0,2,2,0,12122031
264,16-Jul-26,1480118,48448,PYN,CR07057734334,02,00004000000052588868,0000000143628_1,VIVA CLEANSING MILK LEMON 100ML _1C36P,36,0,1,1,0,01062029
265,16-Jul-26,1480118,48448,PYN,CR07057734334,13,00004000000052588981,0000000143697_1,KANNA SOFT CREAM 30GR,24,0,1,1,0,05052029
266,16-Jul-26,1480118,48448,PYN,CR07057734334,13,00004000000052588981,0000000143839_1,PURBASARI LULUR BENGKOANG 235GR,24,0,1,1,0,12042029
267,16-Jul-26,1480118,48448,PYN,CR07057734334,03,00004000000052588875,0000000143921_1,CIPTADENT PASTA GIGI COOL 120 GR,48,0,3,3,0,19052029
268,16-Jul-26,1480118,48448,PYN,CR07057734334,13,00004000000052588981,0000000144149_1,CITRA HBL BENGKOANG PRFC BRGH 110ML_1C36P_64784528,36,0,1,1,0,08012029
269,16-Jul-26,1480118,48448,PYN,CR07057734334,42,00004000000052589377,0000000144152_1,LAURIER SC SUPERMWING10,48,0,2,2,0,08062029
270,16-Jul-26,1480118,48448,PYN,CR07057734334,13,00004000000052588981,0000000144496_1,BLACK PLUS CAT RAMBUT HTM_YM,144,0,1,1,0,01112027
271,16-Jul-26,1480118,48448,PYN,CR07057734334,34,00004000000052589285,0000000144898_1,ABC ALK ALKALINE MILP LR 6AA 2S,1,0,1,1,0,01042031
272,16-Jul-26,1480118,48448,PYN,CR07057734334,34,00004000000052589285,0000000144916_1,ABC ALK ALKALINE MILP LR 6AA 4S,72,0,1,1,0,01062031
273,16-Jul-26,1480118,48448,PYN,CR07057734334,18,00004000000052589032,0000000144927_1,KELLOGGS FROOT LOOPS 55G_1C24P,24,0,1,1,0,21062027
274,16-Jul-26,1480118,48448,PYN,CR07057734334,21,00004000000052589063,0000000144994_1,RITZ CRAKERS 100GR_1C24P,24,0,1,1,0,12052027
275,16-Jul-26,1480118,48448,PYN,CR07057734334,25,00004000000052589162,0000000145066_1,CHOKICHOKI COKLAT PASTA 4X9G_1C72P,72,0,2,2,0,06062027
276,16-Jul-26,1480118,48448,PYN,CR07057734334,21,00004000000052589070,0000000145157_1,HELLOPANDA STRAWBERRY 42G_1C10P,10,0,1,1,0,01042027
277,16-Jul-26,1480118,48448,PYN,CR07057734334,21,00004000000052589063,0000000145162_1,CHO CHO CHOCOLATE STRAW 35G_1C6B10P,60,0,2,2,0,10032027
278,16-Jul-26,1480118,48448,PYN,CR07057734334,21,00004000000052589063,0000000145412_1,REGAL MARIE 120GR_1C48P,48,0,6,6,0,12112027
279,16-Jul-26,1480118,48448,PYN,CR07057734334,17,00004000000052589025,0000000145489_1,SMAX RING CHEESE 40GR_1C24P,24,0,4,4,0,13022027
280,16-Jul-26,1480118,48448,PYN,CR07057734334,24,00004000000052589117,0000000145502_1,SAJIKU TEPUNG BMB AYAM GRG TRAD 24 GR_1B10P,10,0,1,1,0,12042027
281,16-Jul-26,1480118,48448,PYN,CR07057734334,16,00004000000052589018,0000000145522_1,HAPPY TOS TORTILA MERAH 140G_1C16P,16,0,8,8,0,25062027
282,16-Jul-26,1480118,48448,PYN,CR07057734334,18,00004000000052589032,0000000145635_1,KUSUKA BARBEQUE 180GR_1C10P,10,0,2,2,0,06072027
283,16-Jul-26,1480118,48448,PYN,CR07057734334,17,00004000000052589025,0000000145719_1,KUSUKA BARBEQUE 60GR_1C30P,30,0,3,3,0,21072027
284,16-Jul-26,1480118,48448,PYN,CR07057734334,29,00004000000052589230,0000000145781_1,SEDAAP MIE KUAH RASA AYAM JERIT 77GR_1C40P,40,0,4,4,0,07032027
285,16-Jul-26,1480118,48448,PYN,CR07057734334,41,00004000000052589346,0000000145885_1,GARUDA KACANG TELOR 100GR_1C50P,50,0,3,3,0,12052027
286,16-Jul-26,1480118,48448,PYN,CR07057734334,24,00004000000052589117,0000000145890_1,INDOFOOD BUMBU RACIK NASI GORENG_1C100P,100,0,6,6,0,25052027
287,16-Jul-26,1480118,48448,PYN,CR07057734334,02,00004000000052588868,0000000145912_1,WARDAH MICELLAR WTR LIGHTENING OIL INFSD105ML_1C30,30,0,1,1,0,12062029
288,16-Jul-26,1480118,48448,PYN,CR07057734334,31,00004000000052589254,0000000145915_1,INDOMILK FULL CREAM 950ML_1C12P,12,2,0,24,0,28032027
289,16-Jul-26,1480118,48448,PYN,CR07057734334,30,00004000000052589247,0000000146090_1,INDOMIE GORENG SAUS SPECIAL JUMBO 129GR_1C24P,24,1,0,24,0,23022027
290,16-Jul-26,1480118,48448,PYN,CR07057734334,21,00004000000052589063,0000000146252_1,MONDE GENJI PIE ALM 70G_1C24P,24,0,1,1,0,12062027
291,16-Jul-26,1480118,48448,PYN,CR07057734334,15,00004000000052588844,0000000146264_1,MILO RTD UHT 180ML_1C36P,36,0,2,2,0,06062027
292,16-Jul-26,1480118,48448,PYN,CR07057734334,25,00004000000052589162,0000000146292_1,MONDE POT BORO 110G _1C48P,48,0,3,3,0,12052027
293,16-Jul-26,1480118,48448,PYN,CR07057734334,18,00004000000052589032,0000000146336_1,MONDE EGG DROP 110G_1C24P,24,0,3,3,0,22052027
294,16-Jul-26,1480118,48448,PYN,CR07057734334,02,00004000000052588868,0000000146362_1,VICKS VAPORUB 10GR_1C864P,864,0,1,1,0,12122027
295,16-Jul-26,1480118,48448,PYN,CR07057734334,32,00004000000052589261,0000000146385_1,CAP BADAK ORANGE CAN 320ML_1C24P,24,0,6,6,0,12062028
296,16-Jul-26,1480118,48448,PYN,CR07057734334,15,00004000000052588844,0000000146386_1,ULTRA STRAWBERRY 200 ML_1C24P,24,0,4,4,0,31032027
297,16-Jul-26,1480118,48448,PYN,CR07057734334,30,00004000000052589247,0000000146424_1,ULTRA CHOCOLATE 250 ML_1C24P,24,1,0,24,0,08042027
298,16-Jul-26,1480118,48448,PYN,CR07057734334,26,00004000000052589179,0000000146434_1,ULTRA STRAWBERRY 250 ML_1C24P,24,0,4,4,0,11042027
299,16-Jul-26,1480118,48448,PYN,CR07057734334,26,00004000000052589179,0000000146453_1,ULTRA STRAWBERRY 125ML_1C40P,40,0,4,4,0,10042027
300,16-Jul-26,1480118,48448,PYN,CR07057734334,26,00004000000052589179,0000000146463_1,ULTRA MIMI STRAWBERRY 125_1C40P,40,0,8,8,0,12032027
301,16-Jul-26,1480118,48448,PYN,CR07057734334,15,00004000000052588844,0000000146473_1,ULTRA MIMI CHOCOLATE 125_1C40P,40,0,12,12,0,20042027
302,16-Jul-26,1480118,48448,PYN,CR07057734334,32,00004000000052589261,0000000146481_1,CAP BADAK LYCHEE CAN 320ML_1C24P,24,0,5,5,0,12062028
303,16-Jul-26,1480118,48448,PYN,CR07057734334,26,00004000000052589179,0000000146489_1,ULTRA LOWFAT SLIM 250 ML_1C24P,24,0,3,3,0,30032027
304,16-Jul-26,1480118,48448,PYN,CR07057734334,32,00004000000052589261,0000000146491_1,CAP BADAK BOTOL 500ML_1C24P,24,0,6,6,0,12052031
305,16-Jul-26,1480118,48448,PYN,CR07057734334,26,00004000000052589179,0000000146497_1,ULTRA CHOCOLATE 200 ML_1C24P,24,0,12,12,0,06042027
306,16-Jul-26,1480118,48448,PYN,CR07057734334,24,00004000000052589117,0000000146731_1,AJINOMOTO 50 GR_1C240P,240,0,1,1,0,10052036
307,16-Jul-26,1480118,48448,PYN,CR07057734334,24,00004000000052589124,0000000146752_1,AJINOMOTO 250 G _1C80P,80,0,1,1,0,11062036
308,16-Jul-26,1480118,48448,PYN,CR07057734334,12,00004000000052588967,0000000146763_1,VAPE ELECTRIC LIQUID SWEET POWDER 45 MALAM,72,0,1,1,0,08062029
309,16-Jul-26,1480118,48448,PYN,CR07057734334,24,00004000000052589117,0000000146854_1,SAJIKU NASI GORENG AYAM 20G_1C20P,200,0,3,3,0,03042027
310,16-Jul-26,1480118,48448,PYN,CR07057734334,24,00004000000052589117,0000000146859_1,SAJIKU NASI GORENG PEDAS 20GR_1C20P,200,0,2,2,0,08062027
311,16-Jul-26,1480118,48448,PYN,CR07057734334,24,00004000000052589124,0000000146895_1,SAORI SAUS TIRAM 270ML_1C12P,12,0,1,1,0,12062027
312,16-Jul-26,1480118,48448,PYN,CR07057734334,24,00004000000052589117,0000000146911_1,SAORI TIRAM 133ML_1C24P,24,0,1,1,0,12062027
313,16-Jul-26,1480118,48448,PYN,CR07057734334,24,00004000000052589124,0000000146931_1,KAPAL GARAM HALUS 250 GR_1C40P,40,0,5,5,0,01062031
314,16-Jul-26,1480118,48448,PYN,CR07057734334,24,00004000000052589117,0000000146934_1,SAORI TIRAM 23ML_1C120P,120,0,4,4,0,25052027
315,16-Jul-26,1480118,48448,PYN,CR07057734334,28,00004000000052589209,0000000147026_1,SAFARI 100GR POLOS_1C120P,120,0,6,6,0,26082027
316,16-Jul-26,1480118,48448,PYN,CR07057734334,41,00004000000052589353,0000000147032_1,SAFARI 100GR WARNA_1C120P,120,0,4,4,0,23082027
317,16-Jul-26,1480118,48448,PYN,CR07057734334,33,00004000000052589278,0000000147203_1,POCARI SWEAT 500 ML_1C24P,24,0,12,12,0,07062027
318,16-Jul-26,1480118,48448,PYN,CR07057734334,25,00004000000052589155,0000000147277_1,TULIP CHOCOLATE 75GR_1C30P,30,0,5,5,0,12012028
319,16-Jul-26,1480118,48448,PYN,CR07057734334,24,00004000000052589124,0000000147480_1,KRAFT SINGLE EXTRA 5S 75 GR_1C54P,54,0,1,1,0,06042027
320,16-Jul-26,1480118,48448,PYN,CR07057734334,27,00004000000052589193,0000000147799_1,ENERGEN VANILLA SC 5X34G _1C32P,32,0,2,2,0,11052027
321,16-Jul-26,1480118,48448,PYN,CR07057734334,27,00004000000052589193,0000000147799_1,ENERGEN VANILLA SC 5X34G _1C32P,32,0,14,14,0,28042027
322,16-Jul-26,1480118,48448,PYN,CR07057734334,22,00004000000052589087,0000000147859_1,KAPAL API SPC 60GR_1C50P,50,0,2,2,0,17062027
323,16-Jul-26,1480118,48448,PYN,CR07057734334,18,00004000000052589032,0000000147911_1,RONI MACARONI ROASTED CORN 130GR_1C16P,16,0,1,1,0,01062027
324,16-Jul-26,1480118,48448,PYN,CR07057734334,22,00004000000052589087,0000000148034_1,LAFONTE SPAGHETTI 225 GR_1C40P,40,0,2,2,0,12042028
325,16-Jul-26,1480118,48448,PYN,CR07057734334,01,00004000000052588851,0000000148346_1,KOALA LA GULA KAPAS STROBERI 10S_1C60P,60,0,2,2,0,21052028
326,16-Jul-26,1480118,48448,PYN,CR07057734334,24,00004000000052589124,0000000148492_1,LAFONTE SPAGHETTI 450 GR_1C20P,20,0,1,1,0,07042028
327,16-Jul-26,1480118,48448,PYN,CR07057734334,24,00004000000052589117,0000000148509_1,LAFONTE SPAGHETTI SAUS BOLOGNESE 117G_1C18P,18,0,1,1,0,08062027
328,16-Jul-26,1480118,48448,PYN,CR07057734334,15,00004000000052588844,0000000148548_1,GREENFIELDS FULLCREAM 950ML_1C12P,12,0,6,6,0,18042027
329,16-Jul-26,1480118,48448,PYN,CR07057734334,24,00004000000052589124,0000000148604_1,AAA BIHUN KECIL 220 GR_1C24P,24,0,1,1,0,01122028
330,16-Jul-26,1480118,48448,PYN,CR07057734334,24,00004000000052589124,0000000148624_1,DEL MONTE EXTRA HOT 330ML_1C24P,24,0,1,1,0,24042028
331,16-Jul-26,1480118,48448,PYN,CR07057734334,24,00004000000052589117,0000000148626_1,INDOFOOD SAMBAL SACHET 24S_1C21P,21,0,1,1,0,29112027
332,16-Jul-26,1480118,48448,PYN,CR07057734334,12,00004000000052588974,0000000148791_1,BIORE BSW WHITE B100 _1C48P,48,0,1,1,0,22052029
333,16-Jul-26,1480118,48448,PYN,CR07057734334,13,00004000000052588981,0000000148794_1,ZWITSAL SOAP MILKY HONEY 70GR 1C144P 64405303,144,0,1,1,0,01112028
334,16-Jul-26,1480118,48448,PYN,CR07057734334,13,00004000000052588981,0000000148828_1,KODOMO TOOTHPASTE GRAPE 45GR,36,0,1,1,0,28062029
335,16-Jul-26,1480118,48448,PYN,CR07057734334,12,00004000000052588967,0000000148842_1,JF  BS ACNE CARE 90G,60,0,1,1,0,12012030
336,16-Jul-26,1480118,48448,PYN,CR07057734334,13,00004000000052588981,0000000148851_1,KODOMO TOOTHPASTE ORANGE 45GR,36,0,1,1,0,11052029
337,16-Jul-26,1480118,48448,PYN,CR07057734334,13,00004000000052588981,0000000148863_1,KODOMO TOOTHPASTE STRAWBERRY 45GR,36,0,2,2,0,01022029
338,16-Jul-26,1480118,48448,PYN,CR07057734334,13,00004000000052588981,0000000148874_1,KODOMO SIKAT GIGI 2IN1 REGULAR,24,0,1,1,0,08042029
339,16-Jul-26,1480118,48448,PYN,CR07057734334,02,00004000000052588868,0000000149081_1,ULTRA FLU TABLET4S_YM,1,0,2,2,0,12032030
340,16-Jul-26,1480118,48448,PYN,CR07057734334,02,00004000000052588868,0000000149083_1,BIOGESIC 4S_1B25P,1400,0,2,2,0,12072030
341,16-Jul-26,1480118,48448,PYN,CR07057734334,22,00004000000052589087,0000000149097_1,INDOFOOD SAMBAL EXTRA PEDAS 135ML_1C48P HCO,48,0,1,1,0,24052027
342,16-Jul-26,1480118,48448,PYN,CR07057734334,24,00004000000052589124,0000000149139_1,INDOFOOD SAUS TOMAT BOTOL135ML_1C48P,48,0,2,2,0,19112027
343,16-Jul-26,1480118,48448,PYN,CR07057734334,02,00004000000052588868,0000000149176_1,FANCY POWDER PUFF  ISI 2 _Y,1,0,1,1,0,08042029
344,16-Jul-26,1480118,48448,PYN,CR07057734334,15,00004000000052588844,0000000149282_1,KARA SUN SANTAN KELAPA 200ML _1C12P,12,0,3,3,0,06072027
345,16-Jul-26,1480118,48448,PYN,CR07057734334,15,00004000000052588844,0000000149404_1,ULTRA MOCCA 250 ML_1C24P,24,0,1,1,0,31032027
346,16-Jul-26,1480118,48448,PYN,CR07057734334,01,00004000000052588851,0000000149572_1,DELFI TAKE IT 4F 35G_1C10P,100,0,1,1,0,10102027
347,16-Jul-26,1480118,48448,PYN,CR07057734334,22,00004000000052589087,0000000149667_1,ABC KECAP MANIS 275ML_1C24P,24,0,2,2,0,05022028
348,16-Jul-26,1480118,48448,PYN,CR07057734334,24,00004000000052589117,0000000149691_1,CERES MEISES MILK 80G_1C12P,12,0,3,3,0,13032027
349,16-Jul-26,1480118,48448,PYN,CR07057734334,16,00004000000052589018,0000000150407_1,MAYASI  BAWANG 70GR_1C40P,40,0,2,2,0,09102026
350,16-Jul-26,1480118,48448,PYN,CR07057734334,30,00004000000052589247,0000000150434_1,INDOMIE SOTO MIE 70GR_1C40P,40,1,0,40,0,03022027
351,16-Jul-26,1480118,48448,PYN,CR07057734334,41,00004000000052589346,0000000150573_1,GARUDA TING TING 125GR_1C20P,20,0,1,1,0,12052027
352,16-Jul-26,1480118,48448,PYN,CR07057734334,12,00004000000052588967,0000000150973_1,MIRANDA HAIR COL MC1 NATURAL BLACK BOX,144,0,1,1,0,02022029
353,16-Jul-26,1480118,48448,PYN,CR07057734334,23,00004000000052589094,0000000151003_1,KOEPOE 2 BAKING POWDER 45 GR_1C12P,72,0,1,1,0,12062028
354,16-Jul-26,1480118,48448,PYN,CR07057734334,28,00004000000052589209,0000000151109_1,FRESTEA APEL LEMON GRASS 500ML_1C12P,12,0,1,1,0,31032027
355,16-Jul-26,1480118,48448,PYN,CR07057734334,01,00004000000052588851,0000000151446_1,SAMPOERNA A MILD 16 BTG _1B10P,100,0,10,10,0,12012027
356,16-Jul-26,1480118,48448,PYN,CR07057734334,24,00004000000052589117,0000000151487_1,SWALLOW LILY AGAR PUTIH 7 GR_1B12P,288,0,2,2,0,22042029
357,16-Jul-26,1480118,48448,PYN,CR07057734334,24,00004000000052589117,0000000151569_1,DIXI CUKA 100 ML_1C60P,60,0,1,1,0,01052031
358,16-Jul-26,1480118,48448,PYN,CR07057734334,24,00004000000052589124,0000000151574_1,DIXI CUKA 150 ML_1C60P,60,0,1,1,0,05052031
359,16-Jul-26,1480118,48448,PYN,CR07057734334,02,00004000000052588868,0000000151632_1,GELIGA BALSAM OTOT 20GR,144,0,1,1,0,01052031
360,16-Jul-26,1480118,48448,PYN,CR07057734334,24,00004000000052589124,0000000151676_1,ROYCO KALDU RASA AYAM 94GR POUCH_1C36P_62019609,36,0,4,4,0,19062027
361,16-Jul-26,1480118,48448,PYN,CR07057734334,24,00004000000052589117,0000000151681_1,ROYCO KALDU RASA SAPI 94GR POUCH_1C36P_62019635,36,0,2,2,0,18062027
362,16-Jul-26,1480118,48448,PYN,CR07057734334,02,00004000000052588868,0000000151964_1,NEOZEP FORTE 4S_1B25P,1200,0,3,3,0,01102027
363,16-Jul-26,1480118,48448,PYN,CR07057734334,02,00004000000052588868,0000000151967_1,SANGOBION 10S_1B15P,375,0,2,2,0,17112027
364,16-Jul-26,1480118,48448,PYN,CR07057734334,02,00004000000052588868,0000000151982_1,ANTANGIN JRG 4S_1B20P,1000,0,4,4,0,12112028
365,16-Jul-26,1480118,48448,PYN,CR07057734334,02,00004000000052588868,0000000151989_1,OSKADON 4S_1B50P,2000,0,2,2,0,01052031
366,16-Jul-26,1480118,48448,PYN,CR07057734334,02,00004000000052588868,0000000151991_1,ANTANGIN JRG BOX 5X15ML,60,0,1,1,0,02022028
367,16-Jul-26,1480118,48448,PYN,CR07057734334,02,00004000000052588868,0000000152045_1,OBH COMBI MENTHOL 100ML,120,0,1,1,0,01032028
368,16-Jul-26,1480118,48448,PYN,CR07057734334,02,00004000000052588868,0000000152081_1,OBH COMBI BATUK FLU MENTHOL 100ML,48,0,1,1,0,01022028
369,16-Jul-26,1480118,48448,PYN,CR07057734334,03,00004000000052588875,0000000152383_1,KAHF MEN FF OIL AND ACNE CARE 50ML,35,0,1,1,0,08042029
370,16-Jul-26,1480118,48448,PYN,CR07057734334,18,00004000000052589032,0000000152397_1,GARUDA PILUS PEDAS 96GR_1C50P,50,0,3,3,0,12062027
371,16-Jul-26,1480118,48448,PYN,CR07057734334,25,00004000000052589162,0000000152518_1,BUDY JAM STRAWBERRY 150GR_1C36P,36,0,1,1,0,19092027
372,16-Jul-26,1480118,48448,PYN,CR07057734334,25,00004000000052589162,0000000152529_1,BUDY JAM PINDEKAS 120GR_1C36P,36,0,1,1,0,18082027
373,16-Jul-26,1480118,48448,PYN,CR07057734334,25,00004000000052589162,0000000152596_1,PRIMA PALM SUIKER BIRU 250GR_1C12P,60,0,1,1,0,08062029
374,16-Jul-26,1480118,48448,PYN,CR07057734334,25,00004000000052589155,0000000152636_1,QUAKER OAT MEAL 200GR_1C36P,36,0,1,1,0,12112027
375,16-Jul-26,1480118,48448,PYN,CR07057734334,41,00004000000052589346,0000000152678_1,QUAKER INSTANT 200GR_1C36P,36,0,2,2,0,12012028
376,16-Jul-26,1480118,48448,PYN,CR07057734334,30,00004000000052589247,0000000153168_1,SANIA POUCH 1 LT_1C12P,12,1,0,12,0,02062028
377,16-Jul-26,1480118,48448,PYN,CR07057734334,22,00004000000052589087,0000000153261_1,ROSE BRAND TEPUNG KETAN 500GR_1C20P,20,0,4,4,0,13122027
378,16-Jul-26,1480118,48448,PYN,CR07057734334,27,00004000000052589193,0000000153432_1,SARIMI AYAM BAWANG 75GR_1C40P,40,0,5,5,0,11022027
379,16-Jul-26,1480118,48448,PYN,CR07057734334,10,00004000000052588943,0000000153434_1,MAKUKU DRY CARE PANTS XL24 1C8P,8,0,1,1,0,08022029
380,16-Jul-26,1480118,48448,PYN,CR07057734334,27,00004000000052589186,0000000153446_1,SEDAAP MIE SOTO 75GR_1C40P,40,0,10,10,0,06032027
381,16-Jul-26,1480118,48448,PYN,CR07057734334,01,00004000000052588851,0000000153467_1,KOALA LA GULA KAPAS BLUBERI 10S_1C60P,60,0,1,1,0,16042028
382,16-Jul-26,1480118,48448,PYN,CR07057734334,29,00004000000052589223,0000000153530_1,GAGA 100 EXTRA PEDAS GORENG JALAPENO 85G_1C40P,40,0,5,5,0,16032027
383,16-Jul-26,1480118,48448,PYN,CR07057734334,23,00004000000052589094,0000000153584_1,INDOMILK JEJU CHOCOLATE UHT 180ML_1C30P,30,0,2,2,0,28022027
384,16-Jul-26,1480118,48448,PYN,CR07057734334,24,00004000000052589124,0000000153613_1,ABC KECAP MANIS 130ML_1C48P,48,0,2,2,0,04122027
385,16-Jul-26,1480118,48448,PYN,CR07057734334,22,00004000000052589087,0000000153620_1,ABC SAMBAL EXTRA PEDAS 130ML_1C48P,48,0,1,1,0,12052027
386,16-Jul-26,1480118,48448,PYN,CR07057734334,27,00004000000052589186,0000000153820_1,ABC MIE REBUS SUP TOMAT PEDAS 70G_1C40P,40,0,5,5,0,09022027
387,16-Jul-26,1480118,48448,PYN,CR07057734334,27,00004000000052589193,0000000153838_1,CAP 3 AYAM PACKING MERAH 200GR_1C20P,20,0,2,2,0,12022027
388,16-Jul-26,1480118,48448,PYN,CR07057734334,27,00004000000052589193,0000000153845_1,CAP 3 AYAM PACKING KUNING 200GR_1C20P,20,0,2,2,0,23122026
389,16-Jul-26,1480118,48448,PYN,CR07057734334,31,00004000000052589254,0000000153861_1,INDOMIE EMPAL GENTONG 74 G_1C40P,40,1,0,40,0,15122026
390,16-Jul-26,1480118,48448,PYN,CR07057734334,21,00004000000052589063,0000000154067_1,MAX CREAMER 500G_1C24P,24,0,1,1,0,01102027
391,16-Jul-26,1480118,48448,PYN,CR07057734334,24,00004000000052589131,0000000154090_1,ABC SAMBAL ASLI 130ML_1C48P,48,0,1,1,0,03052027
392,16-Jul-26,1480118,48448,PYN,CR07057734334,22,00004000000052589087,0000000154100_1,BANGO KECAP MANIS  BIA 275ML_385G_1C24P_20066269,24,0,2,2,0,04062028
393,16-Jul-26,1480118,48448,PYN,CR07057734334,24,00004000000052589117,0000000154128_1,MASAKO AYAM 6 X 8.5 GR_1C120P,120,0,8,8,0,09042027
394,16-Jul-26,1480118,48448,PYN,CR07057734334,41,00004000000052589360,0000000154144_1,ENERGEN CHOCOLATE BAG 10X35G_1C12P,12,0,1,1,0,24022027
395,16-Jul-26,1480118,48448,PYN,CR07057734334,02,00004000000052588868,0000000154338_1,PROCOLD FLU 6S_1B24P,1152,0,1,1,0,01022028
396,16-Jul-26,1480118,48448,PYN,CR07057734334,02,00004000000052588868,0000000154351_1,PANADOL EXTRA 10S_1B10P,216,0,1,1,0,01122028
397,16-Jul-26,1480118,48448,PYN,CR07057734334,02,00004000000052588868,0000000154406_1,LANG GPU MINYAK URUT 60ML,72,0,1,1,0,01052031
398,16-Jul-26,1480118,48448,PYN,CR07057734334,33,00004000000052589278,0000000154414_1,MARJAN BOUDOIN COCOPANDAN 460ML_1C12P,12,0,1,1,0,12122031
399,16-Jul-26,1480118,48448,PYN,CR07057734334,23,00004000000052589094,0000000154537_1,MAX TEA TARIKH 5S_1C24P,24,0,1,1,0,10102027
400,16-Jul-26,1480118,48448,PYN,CR07057734334,13,00004000000052588981,0000000154771_1,OMG UV BARRIER SUNSCREEN SPF50 25 ML,88,0,1,1,0,08062029
401,16-Jul-26,1480118,48448,PYN,CR07057734334,18,00004000000052589032,0000000154886_1,SIMBA BAG CHOCO CHIPS 45G_1C30P,30,0,2,2,0,17042027
402,16-Jul-26,1480118,48448,PYN,CR07057734334,25,00004000000052589148,0000000154935_1,TROPICANA SLIM SWEET DIAB 25X2.5GR_1C12P,12,0,1,1,0,29052029
403,16-Jul-26,1480118,48448,PYN,CR07057734334,40,00004000000052589339,0000000155157_1,CIMORY YOGHURT DRINK STRAWBERRY 240ML C24,24,0,6,6,0,21102026
404,16-Jul-26,1480118,48448,PYN,CR07057734334,11,00004000000052588950,0000000155575_1,WIPOL KARBOL CEMARA BTL 730GR_1C12P_67715235,12,0,1,1,0,22062028
405,16-Jul-26,1480118,48448,PYN,CR07057734334,02,00004000000052588868,0000000155593_1,VIVA FACE TONIC BENGKUANG 100ML _1C36P,36,0,1,1,0,01062029
406,16-Jul-26,1480118,48448,PYN,CR07057734334,02,00004000000052588868,0000000156303_1,GARNIER FF LIGHT COMPLETE 50ML _1C24P,24,0,1,1,0,01032029
407,16-Jul-26,1480118,48448,PYN,CR07057734334,02,00004000000052588868,0000000156339_1,OVALE WHITENING 100,36,0,1,1,0,01042029
408,16-Jul-26,1480118,48448,PYN,CR07057734334,16,00004000000052589018,0000000156427_1,GARUDA KACANG KULIT 160GR_1C40P,40,0,3,3,0,07052027
409,16-Jul-26,1480118,48448,PYN,CR07057734334,16,00004000000052589018,0000000156451_1,GARUDA KACANG ATOM 95GR_1C60P,60,0,6,6,0,12012027
410,16-Jul-26,1480118,48448,PYN,CR07057734334,17,00004000000052589025,0000000156465_1,MONDE SNACK GOLD 60 GR_1C30P,30,0,5,5,0,15062027
411,16-Jul-26,1480118,48448,PYN,CR07057734334,23,00004000000052589100,0000000156930_1,WONG COCO ICE BON BON 5'S 80GR (1C=24),24,0,2,2,0,28072027
412,16-Jul-26,1480118,48448,PYN,CR07057734334,41,00004000000052589353,0000000156947_1,GOOD TIME MINI DOUBLE CHOC 50G_1C36P,36,0,2,2,0,12062027
413,16-Jul-26,1480118,48448,PYN,CR07057734334,09,00004000000052588936,0000000157230_1,PASTI HEMAT TRAVEL PACK 70S BANDED_1C64P,64,0,3,3,0,08042029
414,16-Jul-26,1480118,48448,PYN,CR07057734334,22,00004000000052589087,0000000157478_1,ABC KECAP MANIS POUCH 62G_1C48P,48,0,2,2,0,01022028
415,16-Jul-26,1480118,48448,PYN,CR07057734334,24,00004000000052589117,0000000157479_1,ABC KECAP MANIS POUCH 250G_1C24P,24,0,1,1,0,29022028
416,16-Jul-26,1480118,48448,PYN,CR07057734334,26,00004000000052589179,0000000157532_1,OATSIDE BARISTA BLEND _STR  200ML_1C24P,24,0,4,4,0,30062027
417,16-Jul-26,1480118,48448,PYN,CR07057734334,28,00004000000052589209,0000000157533_1,OATSIDE CHOCOLATE _STR  200ML_1C24P,24,0,10,10,0,04062027
418,16-Jul-26,1480118,48448,PYN,CR07057734334,21,00004000000052589063,0000000157840_1,TUNGGAL MARIE TUTUNG 250GR_1C20P,20,0,2,2,0,12062027
419,16-Jul-26,1480118,48448,PYN,CR07057734334,23,00004000000052589100,0000000158722_1,WONG COCO PUDDING MANGO 120GR (C36),36,0,3,3,0,26062027
420,16-Jul-26,1480118,48448,PYN,CR07057734334,16,00004000000052589018,0000000158771_1,TARO POTATO BBQ 32GR_1C36P,36,0,3,3,0,20042027
421,16-Jul-26,1480118,48448,PYN,CR07057734334,18,00004000000052589032,0000000158783_1,TARO SEAWEED 32GR_1C36P,36,0,3,3,0,25062027
422,16-Jul-26,1480118,48448,PYN,CR07057734334,25,00004000000052589148,0000000158975_1,BISKUAT BOLU RASA COKLAT 16.6G_1C12B12P,144,0,12,12,0,09022027
423,16-Jul-26,1480118,48448,PYN,CR07057734334,11,00004000000052588950,0000000159276_1,SO KLIN LANTAI EUCALYPTUS MINT PCH 700ML,12,0,1,1,0,01072028
424,16-Jul-26,1480118,48448,PYN,CR07057734334,24,00004000000052589131,0000000160378_1,ABC TOMAT BOTOL 135 ML_1C48P,48,0,1,1,0,25052027
425,16-Jul-26,1480118,48448,PYN,CR07057734334,25,00004000000052589155,0000000161089_1,YUPI NEON STIX 45GR_1C72P,72,0,3,3,0,04052028
426,16-Jul-26,1480118,48448,PYN,CR07057734334,25,00004000000052589162,0000000161102_1,YUPI HP BEAR DAY 45GR_1C72P,72,0,3,3,0,02022028
427,16-Jul-26,1480118,48448,PYN,CR07057734334,28,00004000000052589216,0000000161609_1,ENERGEN CHOCO SC 5X35G_1C32P,32,0,16,16,0,03042027
428,16-Jul-26,1480118,48448,PYN,CR07057734334,03,00004000000052588875,0000000161619_1,JOHNSON LOTION MILK RICE 100ML,48,0,1,1,0,02042029
429,16-Jul-26,1480118,48448,PYN,CR07057734334,26,00004000000052589179,0000000162895_1,ULTRA MIMI VANILLA 125 ML_1C40P,40,0,5,5,0,24032027
430,16-Jul-26,1480118,48448,PYN,CR07057734334,41,00004000000052589353,0000000163676_1,RICHOCO WAFER KREM COK KEJU 75G _1C36P,36,0,2,2,0,07052027
431,16-Jul-26,1480118,48448,PYN,CR07057734334,23,00004000000052589100,0000000163967_1,KARA SARI KELAPA COCOPANDAN 360ML (C12),12,0,3,3,0,17102027
432,16-Jul-26,1480118,48448,PYN,CR07057734334,13,00004000000052588981,0000000166688_1,MARINA UV WHT HBL BRIGHTNFRESH 460ML,12,0,1,1,0,01052029
433,16-Jul-26,1480118,48448,PYN,CR07057734334,12,00004000000052588967,0000000166925_1,VAPE ELECTRIC MAT ALAT EKONOMIS SET,48,0,1,1,0,08062029
434,16-Jul-26,1480118,48448,PYN,CR07057734334,01,00004000000052588851,0000000167198_1,SUGUS STICK BLACKCURRANT 30G_1C12B_1B24P,288,0,2,2,0,02042027
435,16-Jul-26,1480118,48448,PYN,CR07057734334,20,00004000000052589056,0000000167202_1,LACTOGEN PRO 6_12 735 GR BOX_1C12P,12,0,1,1,0,12012028
436,16-Jul-26,1480118,48448,PYN,CR07057734334,02,00004000000052588868,0000000167412_1,PONDS FF BRIGHTBEAUTYSERUM100G_1C24P_68494545,24,0,1,1,0,28092029
437,16-Jul-26,1480118,48448,PYN,CR07057734334,22,00004000000052589087,0000000167471_1,SEDAAP KECAP MANIS POUCH 700G_1C12P,12,0,1,1,0,04062028
438,16-Jul-26,1480118,48448,PYN,CR07057734334,28,00004000000052589209,0000000167810_1,COLLAGENA SUSU STERIL 189ML_1C24P,24,0,3,3,0,01062027
439,16-Jul-26,1480118,48448,PYN,CR07057734334,02,00004000000052588868,0000000170838_1,VIVA FACE TONIC GREEN TEA 100ML _1C36P,36,0,1,1,0,05052029
440,16-Jul-26,1480118,48448,PYN,CR07057734334,03,00004000000052588875,0000000171470_1,SMOCA SG SENSITIVE CARE SOFT 1S_M91150_1B12P,1728,0,1,1,0,
441,16-Jul-26,1480118,48448,PYN,CR07057734334,24,00004000000052589124,0000000171811_1,YOA ABON SAPI  PREMIUM ORIGINAL100GR_1C30P,30,0,1,1,0,12062027
442,16-Jul-26,1480118,48448,PYN,CR07057734334,24,00004000000052589117,0000000172073_1,SEDAAP KECAP MANIS PCH 292G_1C24P,24,0,2,2,0,11042028
443,16-Jul-26,1480118,48448,PYN,CR07057734334,11,00004000000052588950,0000000172784_1,MOLTO PEWANGI BLUE REF 765 ML_1C12P _62040095,12,0,2,2,0,12082028
444,16-Jul-26,1480118,48448,PYN,CR07057734334,03,00004000000052588875,0000000172842_1,CIPTADENT PASTA GIGI FRESH 75,72,0,3,3,0,12062029
445,16-Jul-26,1480118,48448,PYN,CR07057734334,34,00004000000052589308,0000000173226_1,AGATIS ECO KIDS SIMPLE SET 1 R0124,1,0,1,1,0,01052030
446,16-Jul-26,1480118,48448,PYN,CR07057734334,24,00004000000052589124,0000000174742_1,YOA ABON SAPI PREMIUM PEDAS 100G_1C30P,30,0,1,1,0,28042027
447,16-Jul-26,1480118,48448,PYN,CR07057734334,24,00004000000052589117,0000000175223_1,SASA TEPUNG BUMBU KENTUCKY 70GR_1C120P,120,0,2,2,0,14102027
448,16-Jul-26,1480118,48448,PYN,CR07057734334,01,00004000000052588851,0000000175400_1,KRAFT CHEDAR MINI 30GR_1C144P,144,0,2,2,0,12022027
449,16-Jul-26,1480118,48448,PYN,CR07057734334,12,00004000000052588967,0000000176460_1,BIORE GUARD BF DELIMA PERSIA R400ML _1C12P,12,0,1,1,0,08062029
450,16-Jul-26,1480118,48448,PYN,CR07057734334,23,00004000000052589094,0000000176938_1,CLEVO STRAWBERRY 115ML_1C40P,40,0,1,1,0,12042027
451,16-Jul-26,1480118,48448,PYN,CR07057734334,02,00004000000052588868,0000000177791_1,DUREX EXTRA SAFE 3S,24,0,3,3,0,01012031
452,16-Jul-26,1480118,48448,PYN,CR07057734334,24,00004000000052589124,0000000178605_1,YOA SELAI STRAWBERRY 150GR_1C36P,36,0,2,2,0,21092027
453,16-Jul-26,1480118,48448,PYN,CR07057734334,25,00004000000052589155,0000000178608_1,YOA SELAI COKLAT 150GR_1C36P,36,0,1,1,0,11082027
454,16-Jul-26,1480118,48448,PYN,CR07057734334,02,00004000000052588868,0000000178793_1,MY BABY TELON PLUS 90ML_1B12P_1C60P,60,0,1,1,0,01022028
455,16-Jul-26,1480118,48448,PYN,CR07057734334,20,00004000000052589056,0000000178801_1,PROMINA RICE CRACKERS BROCCOLI  KALE 20G_1C24P,24,0,1,1,0,21042027
456,16-Jul-26,1480118,48448,PYN,CR07057734334,25,00004000000052589162,0000000178832_1,CHOMP CHOMP TWISTER LONGSTIK 50G_1C60P,60,0,1,1,0,11112027
457,16-Jul-26,1480118,48448,PYN,CR07057734334,17,00004000000052589025,0000000179580_1,PRINGLES PRINGLES CHEESY CHEESE CAN 102G_1C12P,12,0,1,1,0,28042027
458,16-Jul-26,1480118,48448,PYN,CR07057734334,25,00004000000052589148,0000000179837_1,ZEE SWISS CHOCOLATE MILK 350GR_1C12P,12,0,1,1,0,12112027
459,16-Jul-26,1480118,48448,PYN,CR07057734334,01,00004000000052588851,0000000180391_1,STREPSILS HONEY N LEMON 20.8G_1C12P,12,0,1,1,0,12012029
460,16-Jul-26,1480118,48448,PYN,CR07057734334,25,00004000000052589162,0000000180394_1,STREPSILS COOL 20.8G_1C12P,12,0,1,1,0,12022029
461,16-Jul-26,1480118,48448,PYN,CR07057734334,07,00004000000052588912,0000000180663_1,LAURIER RELAX NIGHT 8,48,0,6,6,0,22062029
462,16-Jul-26,1480118,48448,PYN,CR07057734334,09,00004000000052588936,0000000180665_1,LAURIER RELAX NIGHT 16,18,0,2,2,0,08042029
463,16-Jul-26,1480118,48448,PYN,CR07057734334,02,00004000000052588868,0000000181133_1,SALONPAS KOYO 10S_1B10P,1000,0,1,1,0,01042029
464,16-Jul-26,1480118,48448,PYN,CR07057734334,41,00004000000052589353,0000000181259_1,SUPERBUBUR AYAM CUP_1C24P,24,0,1,1,0,01012027
465,16-Jul-26,1480118,48448,PYN,CR07057734334,02,00004000000052588868,0000000182033_1,SUTRA MERAH 3S_YM,576,0,1,1,0,12102030
466,16-Jul-26,1480118,48448,PYN,CR07057734334,27,00004000000052589186,0000000182288_1,ROMA SARI GANDUM 149 GR_1C20P,20,0,2,2,0,05052027
467,16-Jul-26,1480118,48448,PYN,CR07057734334,25,00004000000052589162,0000000182427_1,KINO PIA 100 COKLAT 138G_1C12P,12,0,1,1,0,13052027
468,16-Jul-26,1480118,48448,PYN,CR07057734334,22,00004000000052589087,0000000182487_1,DEL MONTE TOMAT 135ML_1C48P,48,0,1,1,0,05122027
469,16-Jul-26,1480118,48448,PYN,CR07057734334,24,00004000000052589117,0000000182505_1,LAFONTE SAUS PASTA BOLOGNESE 315G_1C20P,20,0,1,1,0,29042027
470,16-Jul-26,1480118,48448,PYN,CR07057734334,12,00004000000052588967,0000000183139_1,HEAD N SHOULDER SH COOL MENTHOL 300ML_1C12P,12,0,1,1,0,01062029
471,16-Jul-26,1480118,48448,PYN,CR07057734334,03,00004000000052588875,0000000183354_1,FORMULA SG FLIPWPG BOX_1C24P,24,0,1,1,0,02052029
472,16-Jul-26,1480118,48448,PYN,CR07057734334,24,00004000000052589124,0000000183875_1,SEDAAP BUMBU KALDU AYAM 100G_1C36P,36,0,2,2,0,01062027
473,16-Jul-26,1480118,48448,PYN,CR07057734334,15,00004000000052588844,0000000183883_1,GRANDAIRY FULL CREAM MILK 1000ML_1C12P,12,0,2,2,0,
474,16-Jul-26,1480118,48448,PYN,CR07057734334,14,00004000000052588998,0000000184550_1,LIFEBUOY BW TOTAL REFF 400ML 1C24 68715253,24,0,1,1,0,08112028
475,16-Jul-26,1480118,48448,PYN,CR07057734334,05,00004000000052588899,0000000184784_1,SO KLIN LIQ DET ENGLISH ROSE BTL 720ML,6,0,1,1,0,30062028
476,16-Jul-26,1480118,48448,PYN,CR07057734334,13,00004000000052588981,0000000186626_1,CUSSONS SHP COCONUT ALOE 100ML 1C48P,48,0,1,1,0,01022029
477,16-Jul-26,1480118,48448,PYN,CR07057734334,42,00004000000052589384,0000000186886_1,HERS PROTEX NATURALS DAUN SIRIH W 23.5CM 20S_1C12,12,0,1,1,0,
478,16-Jul-26,1480118,48448,PYN,CR07057734334,12,00004000000052588967,0000000186986_1,GLADE GEL ONE FOR ALL JASMINE TEA 70GR_1C24P,24,0,1,1,0,
479,16-Jul-26,1480118,48448,PYN,CR07057734334,01,00004000000052588851,0000000187593_1,RING POP LOLLIPOPS 10 GR_1B24P,384,0,3,3,0,11052028
480,16-Jul-26,1480118,48448,PYN,CR07057734334,01,00004000000052588851,0000000187626_1,MINTZ CHEWY PEPPERMINTS 125GR_1C24P,24,0,1,1,0,18062028
481,16-Jul-26,1480118,48448,PYN,CR07057734334,20,00004000000052589056,0000000188466_1,PROMINA RICE CRACKERS MIXED BERRIES 20G_1C24P,24,0,2,2,0,11042027
482,16-Jul-26,1480118,48448,PYN,CR07057734334,03,00004000000052588875,0000000189309_1,CIPTADENT PG ICEMINT 75,72,0,5,5,0,06052029
483,16-Jul-26,1480118,48448,PYN,CR07057734334,13,00004000000052588981,0000000189317_1,FORMULA PG STRONG PROTECTOR 160GR_1C48P,48,0,2,2,0,02022029
484,16-Jul-26,1480118,48448,PYN,CR07057734334,03,00004000000052588875,0000000189452_1,FORMULA SG GENIO PACK SOFT 3S_1C72P,72,0,1,1,0,08062029
485,16-Jul-26,1480118,48448,PYN,CR07057734334,12,00004000000052588974,0000000189918_1,SLEEK BABY LAUNDRY REF 450ML,12,0,1,1,0,08062029
486,16-Jul-26,1480118,48448,PYN,CR07057734334,02,00004000000052588868,0000000190084_1,SO FRESH MINYAK ANGIN EUCALYPTUS 10ML_1C36P,36,0,1,1,0,08062028
487,16-Jul-26,1480118,48448,PYN,CR07057734334,03,00004000000052588875,0000000190361_1,GATSBY WGLOSS HYPER SOLID 75GR,16,0,1,1,0,03032031
488,16-Jul-26,1480118,48448,PYN,CR07057734334,13,00004000000052588981,0000000193655_1,IMPLORA SHEET MASK MOISTURIZING BLUEBERRY_25GR,12,0,1,1,0,
489,16-Jul-26,1480118,48448,PYN,CR07057734334,21,00004000000052589063,0000000193755_1,TANGO WAFER SASSY STRAWBERRY 110G_1C24P,24,0,1,1,0,15122026
490,16-Jul-26,1480118,48448,PYN,CR07057734334,13,00004000000052588981,0000000193993_1,IMPLORA SHEET MASK ACNE ALOE VERA_25GR,12,0,1,1,0,13032029
491,16-Jul-26,1480118,48448,PYN,CR07057734334,34,00004000000052589285,0000000194554_1,SWALLOW SANDAL DEWASA SWALLOW KHUSUS_XXX,1,0,1,1,0,
492,16-Jul-26,1480118,48448,PYN,CR07057734334,01,00004000000052588851,0000000196038_1,SAMPOERNA KRETEK LEGIT NIRA 12S_1SL10P_YM,1,0,2,2,0,20042027
493,16-Jul-26,1480118,48448,PYN,CR07057734334,34,00004000000052589285,0000000196425_1,HICOOK FUEL 230 GR_1C28P,28,0,2,2,0,
494,16-Jul-26,1480118,48448,PYN,CR07057734334,13,00004000000052588981,0000000196822_1,FOGO STELLA PENGHARUM LEMARI FRESH 30GR,72,0,1,1,0,08062028
495,16-Jul-26,1480118,48448,PYN,CR07057734334,35,00004000000052589315,0000000196980_1,MACAN SAPU OTHER RAYUNG KECIL_XXX,1,0,2,2,0,
496,16-Jul-26,1480118,48448,PYN,CR07057734334,34,00004000000052589285,0000000197014_1,NAGATA SIKAT BAJU 750_XXX,360,0,2,2,0,
497,16-Jul-26,1480118,48448,PYN,CR07057734334,34,00004000000052589285,0000000198542_1,KLIN PAK ALUMUNIUM FOIL REFIL,24,0,1,1,0,
498,16-Jul-26,1480118,48448,PYN,CR07057734334,13,00004000000052588981,0000000198769_1,HERBORIST JFS COOLING BURST STRWBY PPPRMNT180 1C24,24,0,1,1,0,
499,16-Jul-26,1480118,48448,PYN,CR07057734334,12,00004000000052588967,0000000199307_1,GLADE GEL ONE FOR ALL PEONY N BERRY BLISS 70GR,24,0,2,2,0,01042029
500,16-Jul-26,1480118,48448,PYN,CR07057734334,12,00004000000052588967,0000000199325_1,STELLA GEL ALL IN ONE LEMON SPLASH 42GR _1C18P,72,0,1,1,0,12052028
501,16-Jul-26,1480118,48448,PYN,CR07057734334,24,00004000000052589131,0000000199449_1,RASA MASA BUMBU OPOR_YM,1,0,6,6,0,01102027
502,16-Jul-26,1480118,48448,PYN,CR07057734334,34,00004000000052589285,0000000201026_1,WHISKAS POCKETS TUNA 480GR 1C18P,18,0,1,1,0,17072027
503,16-Jul-26,1480118,48448,PYN,CR07057734334,34,00004000000052589285,0000000201181_1,ANO SODET KECIL,1,0,1,1,0,
504,16-Jul-26,1480118,48448,PYN,CR07057734334,12,00004000000052588967,0000000201775_1,SWALLOW KAMPER TCB 5S,144,0,1,1,0,23062031
505,16-Jul-26,1480118,48448,PYN,CR07057734334,12,00004000000052588967,0000000201786_1,SWALLOW KAMPER NTL JUMBO 5S,144,0,1,1,0,02062031
506,16-Jul-26,1480118,48448,PYN,CR07057734334,12,00004000000052588974,0000000202304_1,BAGUS SERAP AIR PERFUMED REFILL 450ML,72,0,1,1,0,12052031
507,16-Jul-26,1480118,48448,PYN,CR07057734334,24,00004000000052589124,0000000202377_1,MASAKO KALDU JAMUR 40G_1C72P,72,0,2,2,0,02042027
508,16-Jul-26,1480118,48448,PYN,CR07057734334,29,00004000000052589223,0000000205320_1,INDOMIE PREMIUM COLLECTION SPICY RAMYEON83GR_1C20,20,0,2,2,0,06122026
509,16-Jul-26,1480118,48448,PYN,CR07057734334,34,00004000000052589285,0000000206678_1,WHISKAS POUCH KITTEN JUNIOR MACKAREL 80 GR 1C28P,28,0,3,3,0,12032028
510,16-Jul-26,1480118,48448,PYN,CR07057734334,34,00004000000052589285,0000000206679_1,WHISKAS TUNAWHITEFISH80 1C28P,28,0,1,1,0,17092027
511,16-Jul-26,1480118,48448,PYN,CR07057734334,04,00004000000052588882,0000000207452_1,VAPE AEROSOL CANDY FLOWER 600ML_1C12P,12,0,1,1,0,06062029
512,16-Jul-26,1480118,48448,PYN,CR07057734334,13,00004000000052588981,0000000208122_1,SLEEK BOTTLE NIPPLE CLEANSER REF 450ML,12,0,3,3,0,06062029
513,16-Jul-26,1480118,48448,PYN,CR07057734334,29,00004000000052589223,0000000211052_1,SEDAAP GORENG CHEF DEVINA 93GR_1C40P,40,0,6,6,0,
514,16-Jul-26,1480118,48448,PYN,CR07057734334,06,00004000000052588905,0000000211120_1,BABY HAPPY PANTS SJ M48 1C4P,4,0,1,1,0,
515,16-Jul-26,1480118,48448,PYN,CR07057734334,12,00004000000052588967,0000000211519_1,VIVA CHIC ON LIPS STRAWBERRY INSIDE 4.2GR,144,0,3,3,0,
516,16-Jul-26,1480118,48448,PYN,CR07057734334,01,00004000000052588851,0000000212819_1,JUARA TEH MANIS 12S_YM,100,0,1,1,0,15042027
517,16-Jul-26,1480118,48448,PYN,CR07057734334,41,00004000000052589346,0000000213148_1,TIC TIC SAMBAL COLEK 65 GR_1C20P_YM,20,0,3,3,0,23012027
518,16-Jul-26,1480118,48448,PYN,CR07057734334,23,00004000000052589094,0000000214085_1,MILO 3IN1 400G_1C24P,24,0,1,1,0,05052027
519,16-Jul-26,1480118,48448,PYN,CR07057734334,12,00004000000052588974,0000000218603_1,KOJIE_SAN KOJIC SKIN BRIGHT SOAP65GR_YM,192,0,1,1,0,01052029
520,16-Jul-26,1480118,48448,PYN,CR07057734334,41,00004000000052589346,0000000221114_1,LOTTE CHOCOPIE STRAWBERY 156G_1C16P,16,0,1,1,0,12042027
521,16-Jul-26,1480118,48448,PYN,CR07057734334,24,00004000000052589117,0000000222395_1,DESAKU MARINASI 100 GR 1C24P,24,0,2,2,0,12032029
522,16-Jul-26,1480118,48448,PYN,CR07057734334,17,00004000000052589025,0000000223307_1,MAMASUKA RUMPUT LAUT GHOST PEPPER 2X4.5GR_1C40P,40,0,1,1,0,07052027
523,16-Jul-26,1480118,48448,PYN,CR07057734334,18,00004000000052589032,0000000224211_1,KUSUKA RUMPUT LAUT 60G_1C30P,30,0,1,1,0,22072027
524,16-Jul-26,1480118,48448,PYN,CR07057734334,41,00004000000052589353,0000000226229_1,BISKUAT SANDWICH GOLDEN VANILLA 105G_1C24P,24,0,2,2,0,01062027
525,16-Jul-26,1480118,48448,PYN,CR07057734334,25,00004000000052589155,0000000226421_1,ROMA SLAI OLAI SELAI STRAWBERRY 128G_1C24P,24,1,3,27,0,01042027
526,16-Jul-26,1480118,48448,PYN,CR07057734334,01,00004000000052588851,0000000226555_1,CHA CHA MINIS 25G_1B12P_1C6B,72,0,2,2,0,04122027
527,16-Jul-26,1480118,48448,PYN,CR07057734334,25,00004000000052589155,0000000226653_1,ALAMII PUFFS STRAWBERRY MILK 15G_1C24P,24,0,1,1,0,25122026
528,16-Jul-26,1480118,48448,PYN,CR07057734334,12,00004000000052588967,0000000226835_1,ZINC SH COOL BOOSTER 170ML_1C24P,24,0,1,1,0,
529,16-Jul-26,1480118,48448,PYN,CR07057734334,31,00004000000052589254,0000000226898_1,INDOMIE SOTO KOYA PEDAS DOWER 76G_1C40P,40,1,0,40,0,18022027
530,16-Jul-26,1480118,48448,PYN,CR07057734334,29,00004000000052589230,0000000226901_1,POP MIE SNEK GORENG RASA INDOMIE GORENG 43G_1C12P,12,0,3,3,0,06032027
531,16-Jul-26,1480118,48448,PYN,CR07057734334,03,00004000000052588875,0000000226940_1,PEPSODENT PG STRONG 190GR_1C48P_64845107,48,0,1,1,0,
532,16-Jul-26,1480118,48448,PYN,CR07057734334,25,00004000000052589162,0000000227406_1,MILNA BUBUR 6PLUS SUP AYAM WORTEL LABU 120G_1C24P,24,0,1,1,0,11112027
533,16-Jul-26,1480118,48448,PYN,CR07057734334,30,00004000000052589247,0000000227476_1,AQUA BOTOL 1500ML_1C12P,12,1,0,12,0,25062028
534,16-Jul-26,1480118,48448,PYN,CR07057734334,01,00004000000052588851,0000000227669_1,ALBA PASTILLES 100GR_1C100P,100,0,3,3,0,12122027
535,16-Jul-26,1480118,48448,PYN,CR07057734334,17,00004000000052589025,0000000227745_1,CHITATO ROSE TTEOBOKKI 65GR_1C30P,30,0,1,1,0,06032027
536,16-Jul-26,1480118,48448,PYN,CR07057734334,16,00004000000052589018,0000000227749_1,CHIKI TWIST SPICY ROASTED CORN 65GR_1C30P,30,0,1,1,0,
537,16-Jul-26,1480118,48448,PYN,CR07057734334,03,00004000000052588875,0000000227867_1,SYSTEMA SG POWER CLEAN REG SOFT 1S,24,0,1,1,0,08042029
538,16-Jul-26,1480118,48448,PYN,CR07057734334,13,00004000000052588981,0000000229631_1,KISPRAY PELICIN KASTURI SUCI BTL 318ML_1C24P,24,0,1,1,0,
539,16-Jul-26,1480118,48448,PYN,CR07057734334,42,00004000000052589377,0000000229645_1,KISPRAY PELICIN KASTURI SUCI REF 280ML_1C24P,24,0,2,2,0,
540,16-Jul-26,1480118,48448,PYN,CR07057734334,34,00004000000052589285,0000000230568_1,RAINBOCORNS BABY EGGZANIA S1 0325 1B24P,1,0,4,4,0,
541,16-Jul-26,1480118,48448,PYN,CR07057734334,11,00004000000052588950,0000000230687_1,TRIKA PELICIN REF 3X300ML BANDED_1C8P_64927762,8,0,3,3,0,
542,16-Jul-26,1480118,48448,PYN,CR07057734334,14,00004000000052588998,0000000230942_1,GENTLE GEN MORNING BREEZE POUCH 1.5LT,6,0,2,2,0,12122031
543,16-Jul-26,1480118,48448,PYN,CR07057734334,30,00004000000052589247,0000000231414_1,AQUVIVA PET 700ML_1C12P,12,1,0,12,0,04122027
544,16-Jul-26,1480118,48448,PYN,CR07057734334,05,00004000000052588899,0000000233325_1,VIXAL PEMB POR BIRU 2X700GR BANDED 1C6P_65540734,6,0,1,1,0,15062028
545,16-Jul-26,1480118,48448,PYN,CR07057734334,14,00004000000052589001,0000000233876_1,RINSO LIQ DET ROSE 700ML BANDED_1C6P_64996626,6,0,2,2,0,12062028
546,16-Jul-26,1480118,48448,PYN,CR07057734334,05,00004000000052588899,0000000233888_1,RINSO LIQ DET PERFUME 700ML BANDED_1C6P_64996629,6,0,1,1,0,03062028
547,16-Jul-26,1480118,48448,PYN,CR07057734334,12,00004000000052588974,0000000241783_1,HIT ELECTRIC LIQUID GK XPRESS REF PINK BLOSSOM35ML,144,0,1,1,0,12042029
548,16-Jul-26,1480118,48448,PYN,CR07057734334,12,00004000000052588967,0000000241791_1,STELLA BATHROOM POCKET PINK LUX FLOWER 10GR_1C72P,72,0,1,1,0,01012028
549,16-Jul-26,1480118,48448,PYN,CR07057734334,12,00004000000052588967,0000000241792_1,STELLA BATHROOM POCKET YEL EXOTIC FRUIT 10GR_1C72P,72,0,3,3,0,12052028
550,16-Jul-26,1480118,48448,PYN,CR07057734334,30,00004000000052589247,0000000242253_1,INDOMIE MI NYEMEK BANGLAHDESE RASA KARI 80GR_1C40,40,1,0,40,0,29012027
551,16-Jul-26,1480118,48448,PYN,CR07057734334,29,00004000000052589223,0000000245300_1,SUKSESS MIE GORENG ACEH 140 GR_1C24P,24,0,2,2,0,11022027
552,16-Jul-26,1480118,48448,PYN,CR07057734334,01,00004000000052588851,0000000245508_1,MAGNUM FILTER BINTANG 12S_1SL10P_YM,1,0,2,2,0,01062027
553,16-Jul-26,1480118,48448,PYN,CR07057734334,26,00004000000052589179,0000000246395_1,ULTRA MILK BLUEBERRY BLAST 200 ML24,24,0,2,2,0,10022027
554,16-Jul-26,1480118,48448,PYN,CR07057734334,34,00004000000052589285,0000000248614_1,CUTIES CATZ CREAMY TREATS TUNA 56G_1C24P,12,0,1,1,0,17012028
555,16-Jul-26,1480118,48448,PYN,CR07057734334,23,00004000000052589094,0000000249181_1,CIMORY UHT THAI TEA 250ML_1C24P,24,0,1,1,0,12022027
556,16-Jul-26,1480118,48448,PYN,CR07057734334,23,00004000000052589094,0000000249182_1,CIMORY UHT MILK MATCHA 250ML_1C24P,24,0,2,2,0,15022027
557,16-Jul-26,1480118,48448,PYN,CR07057734334,23,00004000000052589094,0000000249481_1,BISKUAT BITES VANILLA  35G_1C36P,36,0,2,2,0,06062027
558,16-Jul-26,1480118,48448,PYN,CR07057734334,02,00004000000052588868,0000000250965_1,IPI VITAMIN D3 K2 25S,480,0,3,3,0,01062028
559,16-Jul-26,1480118,48448,PYN,CR07057734334,34,00004000000052589292,0000000251968_1,YOA BRUSH TOOTHPICKS 55 P_1C540P,540,0,1,1,0,01122028
560,16-Jul-26,1480118,48448,PYN,CR07057734334,34,00004000000052589292,0000000251970_1,YOA FLOSS TOOTHPICK 30 P_1C600P,600,0,1,1,0,01032029
561,16-Jul-26,1480118,48448,PYN,CR07057734334,12,00004000000052588967,0000000251974_1,SUNSILK SH SILKY N SMOOTH 160ML_1C36P,36,0,1,1,0,12122028
562,16-Jul-26,1480118,48448,PYN,CR07057734334,22,00004000000052589087,0000000252038_1,BANGO MANIS RL2 12X380G_YM,12,0,2,2,0,17072027
563,16-Jul-26,1480118,48448,PYN,CR07057734334,12,00004000000052588967,0000000252040_1,SUNSILK SH GLOSSY BLACK 160ML_1C36P,36,0,1,1,0,08122028
564,16-Jul-26,1480118,48448,PYN,CR07057734334,01,00004000000052588851,0000000254770_1,CAMEL KRETEK 12S_1SL10P_YM,1,0,4,4,0,15052027
565,16-Jul-26,1480118,48448,PYN,CR07057734334,09,00004000000052588936,0000000255018_1,HAPPILY PANTS L8 1C6P,6,0,1,1,0,09072029
566,16-Jul-26,1480118,48448,PYN,CR07057734334,26,00004000000052589179,0000000256198_1,NOBO CREAMY CLASSIC OAT MILK STRAW 200ML_1C24P,24,0,3,3,0,16062027
567,16-Jul-26,1480118,48448,PYN,CR07057734334,01,00004000000052588851,0000000259472_1,DJARUM 76 APEL 12_1B10P,8000,0,10,10,0,01042027
568,16-Jul-26,1480118,48448,PYN,CR07057734334,29,00004000000052589223,0000000259864_1,SEDAAP MIE CUP SINGAPORE SPICY LAKSA 86G_1C12P,12,0,2,2,0,27122026
569,16-Jul-26,1480118,48448,PYN,CR07057734334,29,00004000000052589223,0000000260027_1,POP MIE PEDAS KARI LAVA 79GR_1C12P,12,0,2,2,0,07022027
570,16-Jul-26,1480118,48448,PYN,CR07057734334,11,00004000000052588950,0000000260291_1,RAPIKA PELICIN REF 3X300ML BANDED_1C4P,4,1,3,7,0,02062028
571,16-Jul-26,1480118,48448,PYN,CR07057734334,32,00004000000052589261,0000000260467_1,FRESTEA BLACKCURRANT 500ML_1C12P,12,0,1,1,0,06092026
572,16-Jul-26,1480118,48448,PYN,CR07057734334,12,00004000000052588967,0000000261836_1,HIT ELECTRIC LIQ GK EXPRESS REF APPLE MTP 2X35ML,144,0,1,1,0,01052029
573,16-Jul-26,1480118,48448,PYN,CR07057734334,28,00004000000052589209,0000000262315_1,BEAR BRAND COLLAGEN 189ML_1C30P,30,0,1,1,0,09092027
574,16-Jul-26,1480118,48448,PYN,CR07057734334,42,00004000000052589384,0000000262742_1,KISPRAY PELICIN BLUIS REF 280ML _1C24P,24,0,2,2,0,12112027
575,16-Jul-26,1480118,48448,PYN,CR07057734334,29,00004000000052589223,0000000264597_1,INDOMIE MI NYEMEK JOGJA RASA RENDANG 84GR_1C40P,40,0,5,5,0,02032027
576,16-Jul-26,1480118,48448,PYN,CR07057734334,13,00004000000052588981,0000000264890_1,VASELINE HBL IC ALOE SOOTHE 200ML_1C18P_21185972,18,0,1,1,0,08112028
577,16-Jul-26,1480118,48448,PYN,CR07057734334,29,00004000000052589230,0000000269209_1,SAKURA MI GORENG 60GR_1C40P,40,0,10,10,0,27022027
578,16-Jul-26,1480118,48448,PYN,CR07057734334,32,00004000000052589261,0000000274790_1,MINUTE MAID PULPY ORANGE 1000ML_1C12P,12,0,1,1,0,31122026
579,16-Jul-26,1480118,48448,PYN,CR07057734334,24,00004000000052589117,0000000275310_1,BONCABE MI KRISPY LEVEL 15 16GR_1C24P_YM,24,0,4,4,0,02042027
580,16-Jul-26,1480118,48448,PYN,CR07057734334,34,00004000000052589285,0000000275554_1,YOA SABUT STAINLESS STEEL_215 2S_1C240P,240,0,4,4,0,08062029
581,16-Jul-26,1480118,48448,PYN,CR07057734334,34,00004000000052589285,0000000275572_1,YOA SABUT SPONS 3S_1C120,120,0,3,3,0,08062029
582,16-Jul-26,1480118,48448,PYN,CR07057734334,12,00004000000052588967,0000000276185_1,VAPE ELECTRIC MAT SWEET POWDER 30S_1C72P,72,0,2,2,0,03032028
583,16-Jul-26,1480118,48448,PYN,CR07057734334,12,00004000000052588967,0000000276188_1,VAPE ELECTRIC MAT FLORAL BUBBLE 30S_1C72P,72,0,2,2,0,01042028
584,16-Jul-26,1480118,48448,PYN,CR07057734334,12,00004000000052588967,0000000276189_1,VAPE ELECTRIC MAT LAVENDER 30S_1C72P,72,0,1,1,0,06062028
585,16-Jul-26,1480118,48448,PYN,CR07057734334,22,00004000000052589087,0000000277098_1,KOKEN KALDU JAMUR 40G_1C120P_YM,2400,0,1,1,0,19012028
586,16-Jul-26,1480118,48448,PYN,CR07057734334,01,00004000000052588851,0000000278381_1,MENTOS RAINBOW 37G_1B24P_631607,192,0,1,1,0,12122027
587,16-Jul-26,1480118,48448,PYN,CR07057734334,33,00004000000052589278,0000000279038_1,MILKU MARIE BISKUIT BTL 200ML_1C12P,12,1,0,12,0,25032027
588,16-Jul-26,1480118,48448,PYN,CR07057734334,24,00004000000052589124,0000000279063_1,PASTI HEMAT POP CORN 250 GR M_1C12P,12,0,1,1,0,08072027
589,16-Jul-26,1480118,48448,PYN,CR07057734334,26,00004000000052589179,0000000282711_1,YOU C1000 APPLE 140 ML_1C30P,30,0,2,2,0,05062027
590,16-Jul-26,1480118,48448,PYN,CR07057734334,13,00004000000052588981,0000000282832_1,CUSSONS POWDER FRESH NOURISH 100GR,48,0,1,1,0,01062029
591,16-Jul-26,1480118,48448,PYN,CR07057734334,13,00004000000052588981,0000000282857_1,KODOMO SIKAT GIGI SOFT REGULAR 1S,72,0,3,3,0,12062028
592,16-Jul-26,1480118,48448,PYN,CR07057734334,03,00004000000052588875,0000000283540_1,SCHICK EXACTA2 1S_YM,144,0,2,2,0,01072029
593,16-Jul-26,1480118,48448,PYN,CR07057734334,27,00004000000052589186,0000000284069_1,SEDAAP RAMEN YES KUAH HAKATA CHICKEN 88GR_1C40P,40,0,35,35,0,28102026
594,16-Jul-26,1480118,48448,PYN,CR07057734334,29,00004000000052589230,0000000284072_1,SEDAAP RAMEN YES GORENG TOKYO CHICKEN 84GR_1C40P,40,0,25,25,0,26102026
595,16-Jul-26,1480118,48448,PYN,CR07057734334,32,00004000000052589261,0000000284351_1,COOLTOPIA CAP KAKI 3 YUZU POMELO 320ML_1C24P,24,0,1,1,0,01022028
596,16-Jul-26,1480118,48448,PYN,CR07057734334,03,00004000000052588875,0000000284745_1,ORAL B ALL ROUND 123 CLEAN M 3S _1C96P_1B12P,96,0,1,1,0,03022029
597,16-Jul-26,1480118,48448,PYN,CR07057734334,11,00004000000052588950,0000000286338_1,GENTLE GEN LILAC BLOOM BTL 700G_1C6P,6,0,1,1,0,01072028
598,16-Jul-26,1480118,48448,PYN,CR07057734334,14,00004000000052589001,0000000286339_1,GENTLE GEN CAMELIA BLOOM BTL 700G_1C6P,6,0,2,2,0,01072028
599,16-Jul-26,1480118,48448,PYN,CR07057734334,25,00004000000052589162,0000000287561_1,SARI CHOCO SPREAD CHOCOLATE 150GR_1C12P,12,0,1,1,0,15052027
600,16-Jul-26,1480118,48448,PYN,CR07057734334,29,00004000000052589223,0000000290502_1,INDOMIE GORENG CABE IJO JUMBO 120GR_1C24P,24,0,6,6,0,01032027
601,16-Jul-26,1480118,48448,PYN,CR07057734334,41,00004000000052589360,0000000290509_1,RITZ SANDWICH KAYA BUTTER 91G_36P,36,0,2,2,0,16042027
602,16-Jul-26,1480118,48448,PYN,CR07057734334,24,00004000000052589124,0000000292779_1,SUPERBUBUR SINGLE KUAH SOTO 46G_1C40P,40,0,1,1,0,20022027
603,16-Jul-26,1480118,48448,PYN,CR07057734334,34,00004000000052589285,0000000298525_1,KENMASTER REFIL CHAMOIS,100,0,6,6,0,
604,16-Jul-26,1480118,48448,PYN,CR07057734334,26,00004000000052589179,0000000299883_1,FRISIAN FLAG UHT STRAWBERRY 225 ML_1C36P,36,0,2,2,0,12042027
605,16-Jul-26,1480118,48448,PYN,CR07057734334,15,00004000000052588844,0000000299892_1,FRISIAN FLAG UHT COKELAT 225 ML_1C36P,36,0,6,6,0,12062027
606,16-Jul-26,1480118,48448,PYN,CR07057734334,41,00004000000052589360,0000000300805_1,DUAKELINCI MIX NUT 60GR_1C40P,40,0,2,2,0,12062027
607,16-Jul-26,1480118,48448,PYN,CR07057734334,22,00004000000052589087,0000000302705_1,TOTOLE GRANULATED MUSHROOM 80G_1C100P,100,0,4,4,0,30012028
608,16-Jul-26,1480118,48448,PYN,CR07057734334,24,00004000000052589124,0000000302711_1,TOTOLE GRANULATED MUSHROOM 200G_1C40P,40,0,1,1,0,10032028
609,16-Jul-26,1480118,48448,PYN,CR07057734334,01,00004000000052588851,0000000302886_1,LOTTE XYLITOL BLUEBERRY MINT 26.1G_1C6B_1B12P,72,0,2,2,0,10102027
610,16-Jul-26,1480118,48448,PYN,CR07057734334,24,00004000000052589117,0000000307087_1,PRONAS SACHET KEJU 50_1C72P,72,0,1,1,0,09052027
611,16-Jul-26,1480118,48448,PYN,CR07057734334,01,00004000000052588851,0000000330690_1,SILVER QUEEN ROCKR 22G_1C24P,1,0,3,3,0,12082027
612,16-Jul-26,1480118,48448,PYN,CR07057734334,11,00004000000052588950,0000000348089_1,RAPIKA BIANG PELICIN PINK REF 250ML _1C24P,24,0,3,3,0,08062028
613,16-Jul-26,1480118,48448,PYN,CR07057734334,13,00004000000052588981,0000000350032_1,SLEEK BOTTLE NIPPLE CLEANSER 150ML,12,0,1,1,0,06062029
614,16-Jul-26,1480118,48448,PYN,CR07057734334,22,00004000000052589087,0000000358509_1,ABC SAMBAL EXTRA PEDAS 270ML_1C24P,24,0,2,2,0,23072027
615,16-Jul-26,1480118,48448,PYN,CR07057734334,23,00004000000052589100,0000000365125_1,YEKO JELLY PUDDING COKLAT 125 GR (1C=60),60,0,3,3,0,22032027
616,16-Jul-26,1480118,48448,PYN,CR07057734334,02,00004000000052588868,0000000368771_1,BYE BYE FEVER BAYI 1S_1B10P,240,0,3,3,0,04042029
617,16-Jul-26,1480118,48448,PYN,CR07057734334,19,00004000000052589049,0000000375987_1,BEBELAC 1PLUS MADU 350G BOX_1C24P,24,0,1,1,0,19122027
618,16-Jul-26,1480118,48448,PYN,CR07057734334,28,00004000000052589209,0000000396454_1,FRESTEA GREEN HONEY 500 ML_1C12P,12,0,1,1,0,28022027
619,16-Jul-26,1480118,48448,PYN,CR07057734334,24,00004000000052589117,0000000402643_1,INDOFOOD BUMBU RACIK IKAN GORENG 20G_1C100P,100,0,1,1,0,28052027
620,16-Jul-26,1480118,48448,PYN,CR07057734334,24,00004000000052589124,0000000403008_1,PRONAS SC CHILLI 50GR_1C72P,72,0,1,1,0,26082027
621,16-Jul-26,1480118,48448,PYN,CR07057734334,32,00004000000052589261,0000000403593_1,PORORO STRAWBERRY 235ML_1C24P,24,0,2,2,0,03092027
622,16-Jul-26,1480118,48448,PYN,CR07057734334,25,00004000000052589162,0000000408267_1,ABC SC MOCCA 11X27GR_1C12P,12,0,1,1,0,11052027
623,16-Jul-26,1480118,48448,PYN,CR07057734334,30,00004000000052589247,0000000408272_1,KAPAL API SPECIAL MIX 10X23GR_1C12P,12,1,0,12,0,12042027
624,16-Jul-26,1480118,48448,PYN,CR07057734334,15,00004000000052588844,0000000412716_1,CAP KAKI 3 JERUK CAN 320 ML_1C24P,24,0,3,3,0,01062029
625,16-Jul-26,1480118,48448,PYN,CR07057734334,33,00004000000052589278,0000000412756_1,CAP KAKI 3 PET 500 ML_1C24P,24,0,8,8,0,12022029
626,16-Jul-26,1480118,48448,PYN,CR07057734334,41,00004000000052589353,0000000413041_1,ROMA MALKIST EXTRA RASA ABON 105G_1C30P,30,0,6,6,0,01072027
627,16-Jul-26,1480118,48448,PYN,CR07057734334,27,00004000000052589193,0000000413600_1,SARIMI ISI 2 GORENG AYAM KECAP 126G_1C24P,24,0,3,3,0,09032027
628,16-Jul-26,1480118,48448,PYN,CR07057734334,34,00004000000052589285,0000000415977_1,RJK LILIN MAGIC RELIGHTING 6CM_10P,48,0,1,1,0,
629,16-Jul-26,1480118,48448,PYN,CR07057734334,12,00004000000052588974,0000000422911_1,DAHLIA GEL ONE FOR ALL CHERRY BLOSSOM 75GR _1C12P,1,0,1,1,0,12042029
630,16-Jul-26,1480118,48448,PYN,CR07057734334,20,00004000000052589056,0000000480307_1,SGM EKSPLOR 1PLUS MADU 150G_1C48P,48,0,2,2,0,15052028
631,16-Jul-26,1480118,48448,PYN,CR07057734334,19,00004000000052589049,0000000480469_1,SGM ANANDA 6_12 150G_1C48P,48,0,1,1,0,19042028
632,16-Jul-26,1480118,48448,PYN,CR07057734334,25,00004000000052589155,0000000485942_1,SUPERBUBUR AYAM 5SX27GR_1C24P,24,0,2,2,0,12032027
633,16-Jul-26,1480118,48448,PYN,CR07057734334,42,00004000000052589377,0000000490958_1,SOFTEX DAUN SIRIH WING 23CM 10S 1C48,48,0,1,1,0,12052029
634,16-Jul-26,1480118,48448,PYN,CR07057734334,27,00004000000052589193,0000000494232_1,GOOD DAY MOCACINO 10SX20GR_1C25P,25,0,10,10,0,11112027
635,16-Jul-26,1480118,48448,PYN,CR07057734334,25,00004000000052589155,0000000522894_1,HAPPYDENT WHITE BAG 84G_1C24P_826986,24,0,1,1,0,12122027
636,16-Jul-26,1480118,48448,PYN,CR07057734334,25,00004000000052589155,0000000536514_1,PROCHIZ SLICE 5S_1C48P,48,0,2,2,0,12032027
637,16-Jul-26,1480118,48448,PYN,CR07057734334,34,00004000000052589285,0000000547800_1,KIT RUBBING COMPOUND 60 GR,24,0,1,1,0,08042029
638,16-Jul-26,1480118,48448,PYN,CR07057734334,01,00004000000052588851,0000000557094_1,BENG BENG MAXX 32G_1C8B12P,96,0,12,12,0,01052027
639,16-Jul-26,1480118,48448,PYN,CR07057734334,23,00004000000052589100,0000000570415_1,KIKO ICE STICK 10X70 ML (C15),15,0,1,1,0,24052027
640,16-Jul-26,1480118,48448,PYN,CR07057734334,19,00004000000052589049,0000000597254_1,DANCOW 1PLUS VANILA 1000G_1C12P,12,0,1,1,0,12122027
641,16-Jul-26,1480118,48448,PYN,CR07057734334,01,00004000000052588851,0000000627854_1,CHA CHA MILK CHOCOLATE 20G_1C20P,20,0,2,2,0,12102027
642,16-Jul-26,1480118,48448,PYN,CR07057734334,01,00004000000052588851,0000000642478_1,KIT KAT CHUNKY 38G_1C6B24P,144,0,2,2,0,16042027
643,16-Jul-26,1480118,48448,PYN,CR07057734334,21,00004000000052589063,0000000642978_1,BRIO POTATO BISCUIT 56G_1C48P,48,0,2,2,0,12072027
644,16-Jul-26,1480118,48448,PYN,CR07057734334,32,00004000000052589261,0000000647798_1,MOGU MOGU LYCHEE NATA DE COCO 320ML_1C24P,24,0,2,2,0,06062027
645,16-Jul-26,1480118,48448,PYN,CR07057734334,22,00004000000052589087,0000000648634_1,TONG TJI CELUP JASMINE NON ENV 25S_1C50P,50,0,5,5,0,05052028
646,16-Jul-26,1480118,48448,PYN,CR07057734334,10,00004000000052588943,0000000648838_1,PASEO FACIAL TISSUE SMART 250S_1C40P,40,0,1,1,0,08062029
647,16-Jul-26,1480118,48448,PYN,CR07057734334,23,00004000000052589094,0000000652351_1,MADU RASA MURNI 150G_1C24P,24,0,2,2,0,12042029
648,16-Jul-26,1480118,48448,PYN,CR07057734334,24,00004000000052589124,0000000656229_1,TEH CAP BOTOL TEH HIJAU CELUP 25X2G_1C50P,50,0,4,4,0,17062028
649,16-Jul-26,1480118,48448,PYN,CR07057734334,13,00004000000052588981,0000000656302_1,MBK DEODORANT PINK 40 ML 1C12,576,0,2,2,0,01062029
650,16-Jul-26,1480118,48448,PYN,CR07057734334,13,00004000000052588981,0000000656303_1,MBK DEODORANT BLUE 40 ML 1C12,576,0,2,2,0,01052029
651,16-Jul-26,1480118,48448,PYN,CR07057734334,28,00004000000052589209,0000000659431_1,CAP KAKI 3 ANAK STRAWBERRY CAN 238ML_1C24P,24,0,1,1,0,01052029
652,16-Jul-26,1480118,48448,PYN,CR07057734334,33,00004000000052589278,0000000659438_1,CAP KAKI 3 ANAK LYCHEE CAN 238ML_1C24P,24,0,1,1,0,01062029
653,16-Jul-26,1480118,48448,PYN,CR07057734334,42,00004000000052589377,0000000659486_1,SOFTEX PL DAUN SIRIH 44S _1C24P,24,0,2,2,0,22052029
654,16-Jul-26,1480118,48448,PYN,CR07057734334,24,00004000000052589117,0000000660839_1,LADAKU MERICA BUBUK 8X1GR_1C72P,72,0,6,6,0,01012030
655,16-Jul-26,1480118,48448,PYN,CR07057734334,24,00004000000052589131,0000000660840_1,LADAKU GROUND W PEPPER POWDER 100GR_1C24P,24,0,1,1,0,13022029
656,16-Jul-26,1480118,48448,PYN,CR07057734334,18,00004000000052589032,0000000667601_1,NESTLE KOKO KRUNCH 70G_1C24P,24,0,1,1,0,12042027
657,16-Jul-26,1480118,48448,PYN,CR07057734334,10,00004000000052588943,0000000672480_1,CHARM SAFE NIGHT 35CM 12S _1C24P,24,0,2,2,0,08062029
658,16-Jul-26,1480118,48448,PYN,CR07057734334,18,00004000000052589032,0000000675427_1,MAMASUKA RUMPUT LAUT PANGGANG 2X5G_1C40P,40,0,10,10,0,12062027
659,16-Jul-26,1480118,48448,PYN,CR07057734334,21,00004000000052589063,0000000678577_1,NYAM NYAM BUBBLE PUFF STRAWBERRY 18G_1C12B12P,144,0,2,2,0,02062027
660,16-Jul-26,1480118,48448,PYN,CR07057734334,21,00004000000052589063,0000000688315_1,HELLOPANDA CHOCOLATE 25G_1C12B12P,144,0,3,3,0,03032027
661,16-Jul-26,1480118,48448,PYN,CR07057734334,19,00004000000052589049,0000000689604_1,SGM 5 MADU 900G_1C10P,10,0,1,1,0,14042028
662,16-Jul-26,1480118,48448,PYN,CR07057734334,02,00004000000052588868,0000000696690_1,KOOL FEVER BAYI 1S_1B12P,192,0,3,3,0,11112028
663,16-Jul-26,1480118,48448,PYN,CR07057734334,41,00004000000052589346,0000000697493_1,OREO MINI CREAM VANILA POUCH 58.4G_1C24P,24,0,1,1,0,28042027
664,16-Jul-26,1480118,48448,PYN,CR07057734334,24,00004000000052589124,0000000697637_1,KRAFT CHEDDAR MIDI 70G_1C48P,48,0,1,1,0,12022027
665,16-Jul-26,1480118,48448,PYN,CR07057734334,29,00004000000052589223,0000000709031_1,SEDAAP MIE CUP MI KUAH RASA KARI SPC 85G_1C12P,12,0,5,5,0,01022027
666,16-Jul-26,1480118,48448,PYN,CR07057734334,12,00004000000052588967,0000000709223_1,PANTENE SH BLACK GLOW 6X10ML_1C90P,90,0,6,6,0,01122027
667,16-Jul-26,1480118,48448,PYN,CR07057734334,24,00004000000052589117,0000000723519_1,FINNA SAMBAL TERASI ULEG 10S_1C10P,10,0,1,1,0,01102027
668,16-Jul-26,1480118,48448,PYN,CR07057734334,13,00004000000052588981,0000000723634_1,NIVEA RO WMN EXTRA BRIGHTENING 50ML,24,0,1,1,0,30082028
669,16-Jul-26,1480118,48448,PYN,CR07057734334,17,00004000000052589025,0000000724399_1,OISHI RINBEE CHEESE STICK 60G_1C24P,24,0,3,3,0,30042027
670,16-Jul-26,1480118,48448,PYN,CR07057734334,41,00004000000052589353,0000000725356_1,TOP SC SUSU GULA 10X31G_1C12P,12,0,1,1,0,04062027
671,16-Jul-26,1480118,48448,PYN,CR07057734334,25,00004000000052589148,0000000728294_1,KIS MINT APPLE PEACH 75G_1C36P,36,0,1,1,0,06062027
672,16-Jul-26,1480118,48448,PYN,CR07057734334,13,00004000000052588981,0000000728409_1,ZINC SH REFRESHING COOL 340ML_1C12P,12,0,3,3,0,21022029
673,16-Jul-26,1480118,48448,PYN,CR07057734334,01,00004000000052588851,0000000731157_1,NANO NANO MILKY RASA COKLAT 12G_1B30P,30,0,1,1,0,04042027
674,16-Jul-26,1480118,48448,PYN,CR07057734334,02,00004000000052588868,0000000732108_1,ACNES FF NATURAL CARE WHITE 100G,1440,0,1,1,0,01042029
675,16-Jul-26,1480118,48448,PYN,CR07057734334,12,00004000000052588967,0000000732376_1,ZINC SH HAIR FALL 170ML_1C24P,24,0,2,2,0,12052029
676,16-Jul-26,1480118,48448,PYN,CR07057734334,21,00004000000052589070,0000000742466_1,RICHOCO WAFER COKLAT 110 G_1C24P,24,0,2,2,0,21042027
677,16-Jul-26,1480118,48448,PYN,CR07057734334,21,00004000000052589070,0000000742467_1,RICHEESE WAFER KEJU 110 G_1C24P,24,0,8,8,0,29052027
678,16-Jul-26,1480118,48448,PYN,CR07057734334,21,00004000000052589063,0000000745363_1,SERENA TOGO LONG COKLAT  128G_1C30P,30,0,1,1,0,05062027
679,16-Jul-26,1480118,48448,PYN,CR07057734334,22,00004000000052589087,0000000746639_1,PROCHIZ GOLD 160G_1C48P,48,0,7,7,0,14042027
680,16-Jul-26,1480118,48448,PYN,CR07057734334,23,00004000000052589100,0000000748260_1,KIKO TROPICAL ICE STICK 10X90ML (C12),12,0,1,1,0,25042027
681,16-Jul-26,1480118,48448,PYN,CR07057734334,12,00004000000052588974,0000000749598_1,DETTOL BS LASTING FRESH 100G _1C144P,144,0,2,2,0,01022029
682,16-Jul-26,1480118,48448,PYN,CR07057734334,02,00004000000052588868,0000000753614_1,YOA COTTON BALL 100S _1C  48P,48,0,1,1,0,01062029
683,16-Jul-26,1480118,48448,PYN,CR07057734334,08,00004000000052588929,0000000761708_1,MAMY POKO PANTS XTRA KERING SJ M48 1C4P,4,1,0,4,0,03062029
684,16-Jul-26,1480118,48448,PYN,CR07057734334,24,00004000000052589117,0000000767225_1,NARAYA OAT CHOCO 90G_1C24P,24,0,1,1,0,05112027
685,16-Jul-26,1480118,48448,PYN,CR07057734334,42,00004000000052589384,0000000768931_1,LIFEBUOY BS RED TOTAL 60G PKT _1C36P_67006105,36,0,2,2,0,08062028
686,16-Jul-26,1480118,48448,PYN,CR07057734334,05,00004000000052588899,0000000770154_1,NUVO BW MILD PROTECT R400ML 1C12,12,0,2,2,0,03062028
687,16-Jul-26,1480118,48448,PYN,CR07057734334,05,00004000000052588899,0000000773385_1,WIPOL KARBOL SEREH PCH 720GR_1C12P_65464843,12,0,1,1,0,01052028
688,16-Jul-26,1480118,48448,PYN,CR07057734334,17,00004000000052589025,0000000780323_1,PRINGLES ORIGINAL 42 GR_1C12P,12,0,1,1,0,03032027
689,16-Jul-26,1480118,48448,PYN,CR07057734334,02,00004000000052588868,0000000782765_1,TOLAK LINU HERBAL 15ML_1B6P,180,0,5,5,0,01112027
690,16-Jul-26,1480118,48448,PYN,CR07057734334,01,00004000000052588851,0000000783908_1,MEG CHEDDAR SERBAGUNA 170G_1C48P,48,0,1,1,0,19032027
691,16-Jul-26,1480118,48448,PYN,CR07057734334,24,00004000000052589124,0000000785743_1,ROYCO KALDU RASA AYAM 6X8 GR_1C40P_67031491,40,0,2,2,0,21062027
692,16-Jul-26,1480118,48448,PYN,CR07057734334,13,00004000000052588981,0000000790416_1,NEXCARE DAILY HIJAB MASK 3S_1C144P,144,0,2,2,0,13042029
693,16-Jul-26,1480118,48448,PYN,CR07057734334,24,00004000000052589124,0000000790585_1,MAESTRO MAYO PREMIUM POUCH 180GR_1C24P,24,0,2,2,0,23102027
694,16-Jul-26,1480118,48448,PYN,CR07057734334,12,00004000000052588967,0000000797992_1,MAKARIZO SH ALOE N MELON 170ML_1C12P,12,0,1,1,0,01052029
695,16-Jul-26,1480118,48448,PYN,CR07057734334,13,00004000000052588981,0000000797993_1,MAKARIZO SH ROYAL JELLY 170ML_1C12P,12,0,2,2,0,01052029
696,16-Jul-26,1480118,48448,PYN,CR07057734334,24,00004000000052589124,0000000805608_1,BURUNG DARA MIE TELUR URAI ORIGINAL 140G_1C24P,24,0,1,1,0,04042027
697,16-Jul-26,1480118,48448,PYN,CR07057734334,06,00004000000052588905,0000000807023_1,SOFTEX DAUN SIRIH 3 IN 1 16S _1C24P,24,0,2,2,0,05072029
698,16-Jul-26,1480118,48448,PYN,CR07057734334,42,00004000000052589377,0000000807060_1,SOFTEX DAUN SIRIH SLIM HEAVY WING 29CM 16S_1C24P,24,0,1,1,0,08032029
699,16-Jul-26,1480118,48448,PYN,CR07057734334,17,00004000000052589025,0000000808973_1,MAITOS TORTILA BALADO 120GR_1C16P,16,0,1,1,0,10042027
700,16-Jul-26,1480118,48448,PYN,CR07057734334,27,00004000000052589186,0000000810369_1,NISSIN GEKIKARA RAMEN GORENG PDS 118GR_1C30P,30,0,6,6,0,09042027
701,16-Jul-26,1480118,48448,PYN,CR07057734334,33,00004000000052589278,0000000810685_1,HYDRO COCO 500ML_1C12P,12,0,3,3,0,10062027
702,16-Jul-26,1480118,48448,PYN,CR07057734334,10,00004000000052588943,0000000820964_1,SWEETY SILVER PANTS M32 1C8P,8,0,1,1,0,08042029
703,16-Jul-26,1480118,48448,PYN,CR07057734334,41,00004000000052589353,0000000822159_1,KOKOLA MALKIS SUSU 225 GR_1C18P,18,0,1,1,0,12042027
704,16-Jul-26,1480118,48448,PYN,CR07057734334,27,00004000000052589186,0000000824684_1,SEDAAP MIE WHITE CURRY 81G_1C40P,40,0,5,5,0,17022027
705,16-Jul-26,1480118,48448,PYN,CR07057734334,17,00004000000052589025,0000000824980_1,OISHI POPCORN KARAMEL 100G_1C20P,20,0,1,1,0,22062027
706,16-Jul-26,1480118,48448,PYN,CR07057734334,17,00004000000052589025,0000000825102_1,PIATTOS SAPI PANGGANG 65 GR_1C30P,30,0,2,2,0,11052027
707,16-Jul-26,1480118,48448,PYN,CR07057734334,13,00004000000052588981,0000000827973_1,MITU BABY WIPES GANTI POPOK WHITE 50S BANDED_1C24P,24,0,2,2,0,01062028
708,16-Jul-26,1480118,48448,PYN,CR07057734334,13,00004000000052588981,0000000829203_1,RESIK_V MANJAKANI WHITENING 90 ML _1C36P,36,0,1,1,0,01092028
709,16-Jul-26,1480118,48448,PYN,CR07057734334,41,00004000000052589353,0000000829915_1,TORABIKA CREAMY LATTE 10X20 GR_1C24P,24,0,1,1,0,03032027
710,16-Jul-26,1480118,48448,PYN,CR07057734334,33,00004000000052589278,0000000832505_1,SOSRO FRUIT TEA APPLE 350 ML _1C12P,12,0,4,4,0,27052027
711,16-Jul-26,1480118,48448,PYN,CR07057734334,16,00004000000052589018,0000000833158_1,POTABEE REGULAR BBQ BEEF 35G_1C40P,40,0,1,1,0,27022027
712,16-Jul-26,1480118,48448,PYN,CR07057734334,17,00004000000052589025,0000000833168_1,POTABEE REGULAR BBQ BEEF 65G_1C30P,30,0,3,3,0,22012027
713,16-Jul-26,1480118,48448,PYN,CR07057734334,02,00004000000052588868,0000000833796_1,HANSAPLAST AQUA PROTECT 6S_1B10P,100,0,1,1,0,05052030
714,16-Jul-26,1480118,48448,PYN,CR07057734334,25,00004000000052589162,0000000837026_1,CHOMP CHOMP ICE CREAM MALLOW BLUEBERRY 50G_1C36P,36,0,1,1,0,14112027
715,16-Jul-26,1480118,48448,PYN,CR07057734334,25,00004000000052589162,0000000837027_1,CHOMP CHOMP ICE CREAM MALLOW STRAWBERRY50G_1C36P,36,0,1,1,0,13112027
716,16-Jul-26,1480118,48448,PYN,CR07057734334,24,00004000000052589117,0000000838366_1,NUTRIJELL KELAPA MUDA 15 GR_1C144P,144,0,2,2,0,01072028
717,16-Jul-26,1480118,48448,PYN,CR07057734334,13,00004000000052588981,0000000839627_1,MY BABY WASH FRESH MOIST 200ML,1,0,2,2,0,05052028
718,16-Jul-26,1480118,48448,PYN,CR07057734334,08,00004000000052588929,0000000841038_1,SWEETY DRY XPERT PANTS M32 1C8P,8,1,0,8,0,04062029
719,16-Jul-26,1480118,48448,PYN,CR07057734334,18,00004000000052589032,0000000844631_1,HAPPYTOS TORTILA CHIPS NACHO CHEESE 140G_1C16P,16,0,1,1,0,18062027
720,16-Jul-26,1480118,48448,PYN,CR07057734334,16,00004000000052589018,0000000844638_1,HAPPYTOS TORTILA CHIPS ROASTED CORN 55GR_1C32P,32,0,2,2,0,11052027
721,16-Jul-26,1480118,48448,PYN,CR07057734334,14,00004000000052589001,0000000847722_1,KISPRAY PELICIN GOLD REF 280ML _1C24P,24,0,2,2,0,01092027
722,16-Jul-26,1480118,48448,PYN,CR07057734334,01,00004000000052588851,0000000848557_1,SUPER ZUPER ASSORTED SOUR CANDY 140G_1C12P,12,0,1,1,0,06062028
723,16-Jul-26,1480118,48448,PYN,CR07057734334,13,00004000000052588981,0000000848953_1,MARINA NATURAL HBL NUTRI FRESH 350ML,24,0,1,1,0,12112028
724,16-Jul-26,1480118,48448,PYN,CR07057734334,02,00004000000052588868,0000000849529_1,IMBOOST 4S_1B5P,180,0,3,3,0,03032029
725,16-Jul-26,1480118,48448,PYN,CR07057734334,14,00004000000052589001,0000000853581_1,DOWNY BASE SUNRISE FRESH REF 600ML _1C8PB,8,0,1,1,0,12122027
726,16-Jul-26,1480118,48448,PYN,CR07057734334,30,00004000000052589247,0000000859485_1,SOSRO TEH BOTOL 350 ML_1C12P,12,1,0,12,0,30062027
727,16-Jul-26,1480118,48448,PYN,CR07057734334,01,00004000000052588851,0000000859994_1,CHA CHA MINIS TUBE HATS 25G_1B12P_1C6B,72,0,1,1,0,12112027
728,16-Jul-26,1480118,48448,PYN,CR07057734334,12,00004000000052588974,0000000861183_1,KISPRAY PELICIN GOLD SACHET 6X10ML _1C72P,72,0,2,2,0,12052028
729,16-Jul-26,1480118,48448,PYN,CR07057734334,12,00004000000052588967,0000000867143_1,STELLA GEL BATHROOM POCKET ORANGE 10GR _1C72P,576,0,1,1,0,08062028
730,16-Jul-26,1480118,48448,PYN,CR07057734334,23,00004000000052589094,0000000883579_1,REAL GOOD SEREAL COKLAT 125ML_1C40P,40,0,2,2,0,10122026
731,16-Jul-26,1480118,48448,PYN,CR07057734334,02,00004000000052588868,0000000887437_1,LANG KAYU PUTIH PLUS 60ML_1B12P,144,0,1,1,0,01062031
732,16-Jul-26,1480118,48448,PYN,CR07057734334,34,00004000000052589285,0000000889646_1,YOA KANTONG SAMPAH ROLL 90X120 10LB,30,0,1,1,0,
733,16-Jul-26,1480118,48448,PYN,CR07057734334,34,00004000000052589285,0000000889650_1,YOA GELAS TAHAN PANAS 25S_1B40P,1,0,1,1,0,
734,16-Jul-26,1480118,48448,PYN,CR07057734334,21,00004000000052589063,0000000890734_1,ROMA SANDWICHI BELGIAN CHOCO 157G_1C42P,42,0,1,1,0,12052027
735,16-Jul-26,1480118,48448,PYN,CR07057734334,30,00004000000052589247,0000000893292_1,CRYSTALLINE PET 600ML_1C24P,24,1,0,24,0,26122027
736,16-Jul-26,1480118,48448,PYN,CR07057734334,24,00004000000052589124,0000000894918_1,DEL MONTE TOMATO KETCHUP 265ML_1C24P,24,0,1,1,0,12122027
737,16-Jul-26,1480118,48448,PYN,CR07057734334,18,00004000000052589032,0000000896011_1,OISHI SPONGE CRUNCH STRAWBERRY 100 GR_1C20P,20,0,1,1,0,21062027
738,16-Jul-26,1480118,48448,PYN,CR07057734334,03,00004000000052588875,0000000897250_1,ZACT PASTA GIGI SMOKER 190GR,12,0,1,1,0,12062029
739,16-Jul-26,1480118,48448,PYN,CR07057734334,06,00004000000052588905,0000000901341_1,TESSA KITCHEN TOWEL THSN002 NATURE 150S_1C20P,20,0,4,4,0,01062029
740,16-Jul-26,1480118,48448,PYN,CR07057734334,42,00004000000052589377,0000000902855_1,RAPIKA BIANG PELICIN GOLD REF 250ML _1C24P,24,0,2,2,0,08062028
741,16-Jul-26,1480118,48448,PYN,CR07057734334,23,00004000000052589094,0000000903092_1,SIDOMUNCUL SUSU JAHE 10X27G_1C12P,12,0,1,1,0,05052028
742,16-Jul-26,1480118,48448,PYN,CR07057734334,01,00004000000052588851,0000000906927_1,CHUPA CHUPS SOUR BITES 62G_1B8P,64,0,1,1,0,06062027
743,16-Jul-26,1480118,48448,PYN,CR07057734334,37,00004000000052589322,0000000915047_1,YOGYA BAKERY BAGELEN KERING EKONOMIS ORI 120 GRAM,1,0,3,3,0,
744,16-Jul-26,1480118,48448,PYN,CR07057734334,37,00004000000052589322,0000000915053_1,YOGYA BAKERY BAGELEN KERING EKONOMIS KEJU 120 GRAM,1,0,3,3,0,
745,16-Jul-26,1480118,48448,PYN,CR07057734334,23,00004000000052589094,0000000918216_1,GREENFIELDS UHT FULLCREAM 105 ML_1C40P,40,0,12,12,0,25042027
746,16-Jul-26,1480118,48448,PYN,CR07057734334,22,00004000000052589087,0000000921146_1,SASA SANTAN CAIR 65 ML_1C32P,32,0,24,24,0,04092027
747,16-Jul-26,1480118,48448,PYN,CR07057734334,34,00004000000052589285,0000000922133_1,SCOTCHBRITE SABUT STNLES W SABUT HJU IDC01_1C36P,36,0,1,1,0,
748,16-Jul-26,1480118,48448,PYN,CR07057734334,23,00004000000052589094,0000000928090_1,INDOMILK KID FULL CREAM UHT 115ML_1C40P,40,0,5,5,0,28022027
749,16-Jul-26,1480118,48448,PYN,CR07057734334,41,00004000000052589346,0000000930136_1,POTABEE SALTED EGG 65 GR_1C30P,30,0,1,1,0,21122026
750,16-Jul-26,1480118,48448,PYN,CR07057734334,41,00004000000052589353,0000000932995_1,BENG BENG DRINK CHOCOLATE POUCH 4X27G_1C30P,30,0,1,1,0,26052027
751,16-Jul-26,1480118,48448,PYN,CR07057734334,32,00004000000052589261,0000000936970_1,GOLDA COFFEE DOLCE LATTE 200ML_1C12P,12,0,4,4,0,04022027
752,16-Jul-26,1480118,48448,PYN,CR07057734334,25,00004000000052589148,0000000938846_1,DANCOW BATITA 1PLUS VANILA 350G_1C24P,24,0,1,1,0,12102027
753,16-Jul-26,1480118,48448,PYN,CR07057734334,34,00004000000052589285,0000000941261_1,YOA TUSUK GIGI TRAVEL W 75 P_1C24PSUPP 864P,864,0,1,1,0,
754,16-Jul-26,1480118,48448,PYN,CR07057734334,13,00004000000052588981,0000000943288_1,GILLETTE VENUS SIMPLY3 ISI 2S,144,0,1,1,0,08042029
755,16-Jul-26,1480118,48448,PYN,CR07057734334,12,00004000000052588974,0000000943901_1,STELLA GEL BATHROOM POCKET BLUE 10GR _1C72P,72,0,1,1,0,12062028
756,16-Jul-26,1480118,48448,PYN,CR07057734334,01,00004000000052588851,0000000944402_1,CADBURY DAIRY MILK CASHEW NUT 85G_1B12P_1C6B,72,0,1,1,0,01082027
757,16-Jul-26,1480118,48448,PYN,CR07057734334,23,00004000000052589094,0000000944541_1,ULTRA KARAMEL 200ML_1C24P,24,0,3,3,0,15032027
758,16-Jul-26,1480118,48448,PYN,CR07057734334,41,00004000000052589346,0000000945700_1,ENAAK MIE GEMEZ SOY SAUCE CHICKEN 3X26GR_1C20P,20,0,1,1,0,12012027
759,16-Jul-26,1480118,48448,PYN,CR07057734334,41,00004000000052589346,0000000945701_1,ENAAK MIE GEMEZ SPICY CHILI 3X26GR_1C20P,20,0,1,1,0,12012027
760,16-Jul-26,1480118,48448,PYN,CR07057734334,04,00004000000052588882,0000000950519_1,HIT AEROSOL LILY BLOSSOM 200ML _1C12P,12,0,1,1,0,01012029
761,16-Jul-26,1480118,48448,PYN,CR07057734334,21,00004000000052589070,0000000955459_1,GARUDA PILUS MIE GORENG 96 GR_1C50P,50,0,4,4,0,12062027
762,16-Jul-26,1480118,48448,PYN,CR07057734334,03,00004000000052588875,0000000957120_1,REXONA RO WMN GLOWING WHT 40ML_1C24P_67706867,24,0,1,1,0,04072028
763,16-Jul-26,1480118,48448,PYN,CR07057734334,42,00004000000052589377,0000000960161_1,HIT MAGIC KERTAS EXPERT FLORAL BLOSSOM 10S _1C36P,36,0,2,2,0,01042029
764,16-Jul-26,1480118,48448,PYN,CR07057734334,12,00004000000052588967,0000000960162_1,HIT MAGIC KERTAS EXPERT CLASSY LILY 10S _1C36P,36,0,3,3,0,04042029
765,16-Jul-26,1480118,48448,PYN,CR07057734334,13,00004000000052588981,0000000961637_1,SASHA PG SIWAK HERBAL 150 G _1C36P,36,0,2,2,0,02022029
766,16-Jul-26,1480118,48448,PYN,CR07057734334,41,00004000000052589353,0000000963523_1,CHO CHO PILOWS SNACK 32 GR_1C6B6P_YM,36,0,2,2,0,10062027
767,16-Jul-26,1480118,48448,PYN,CR07057734334,18,00004000000052589032,0000000963911_1,CHITATO SAPI PANGGANG 115 GR_1C18P,18,0,2,2,0,03032027
768,16-Jul-26,1480118,48448,PYN,CR07057734334,19,00004000000052589049,0000000964351_1,PROMINA PUFF STRWBERRY APPLE 15G_1C24P,24,0,6,6,0,26122026
769,16-Jul-26,1480118,48448,PYN,CR07057734334,06,00004000000052588905,0000000966755_1,CHARM EXT COMF COOLING FRESH 23CM NW16S _1C24P,24,0,1,1,0,20062029
770,16-Jul-26,1480118,48448,PYN,CR07057734334,12,00004000000052588967,0000000967944_1,HIT ELECTRIC LIQUID GK EXPRESS REFILL APPLE 35ML,144,0,1,1,0,08062029
771,16-Jul-26,1480118,48448,PYN,CR07057734334,12,00004000000052588974,0000000969828_1,YOA CARE IKAT RAMBUT BESAR 3S _1C288P,288,0,2,2,0,
772,16-Jul-26,1480118,48448,PYN,CR07057734334,42,00004000000052589377,0000000973549_1,NUVO BW COOL PROTECT R400_1C12P,12,0,1,1,0,12052028
773,16-Jul-26,1480118,48448,PYN,CR07057734334,17,00004000000052589025,0000000973924_1,POTABEE RASA AYAM BAKAR 35GR_1C40P,40,0,2,2,0,15022027
774,16-Jul-26,1480118,48448,PYN,CR07057734334,18,00004000000052589032,0000000973942_1,POTABEE RASA AYAM BAKAR 65GR_1C30P,30,0,2,2,0,01032027
775,16-Jul-26,1480118,48448,PYN,CR07057734334,13,00004000000052588981,0000000980676_1,EVANGELINE EDP BLACK SAKURA 100 ML _1C36P,36,0,1,1,0,01052031
776,16-Jul-26,1480118,48448,PYN,CR07057734334,04,00004000000052588882,0000000981249_1,BAYGON AEROSOL FLOWER GARDEN 400ML_1C12P,1,0,1,1,0,02052030
777,16-Jul-26,1480118,48448,PYN,CR07057734334,04,00004000000052588882,0000000981252_1,BAYGON AEROSOL FLOWER GARDEN 200ML _1C12P,1,0,2,2,0,12042030
778,16-Jul-26,1480118,48448,PYN,CR07057734334,04,00004000000052588882,0000000982322_1,HIT AEROSOL ORANGE 200ML _1C12P,12,0,1,1,0,01012029
779,16-Jul-26,1480118,48448,PYN,CR07057734334,15,00004000000052588844,0000000982508_1,MIZONE MOOD UP CRANBERRY 500ML_1C12P,12,0,2,2,0,29062027
780,16-Jul-26,1480118,48448,PYN,CR07057734334,25,00004000000052589162,0000000983821_1,PEDIASURE TRIPLESURE VANILA 200G_1C30P,1,0,1,1,0,12012028
781,16-Jul-26,1480118,48448,PYN,CR07057734334,28,00004000000052589209,0000000985789_1,INDOMILK KENTAL MANIS POUCH 535G_1C24,24,0,6,6,0,28012027
782,16-Jul-26,1480118,48448,PYN,CR07057734334,24,00004000000052589124,0000000987734_1,LAFONTE BOLOGNESE RASA AYAM 290 GR_1C20P,20,0,1,1,0,02052027
783,16-Jul-26,1480118,48448,PYN,CR07057734334,40,00004000000052589339,0000000992618_1,CIMORY YOGURT DRINK NO ADDED SUGAR STRMANGO240 C24,24,0,6,6,0,12112026
784,16-Jul-26,1480118,48448,PYN,CR07057734334,26,00004000000052589179,0000000998652_1,FRISIAN FLAG UHT OMEGA PLAIN 110ML_1C36P,36,0,2,2,0,01122026
785,16-Jul-26,1480118,48448,PYN,CR07057734334,06,00004000000052588905,0000001000887_1,MAMY POKO TIDAK GEMBUNG M30 1C6P,6,0,1,1,0,01062029
786,16-Jul-26,1480118,48448,PYN,CR07057734334,10,00004000000052588943,0000001000888_1,MAMY POKO TIDAK GEMBUNG L28 1C6P,6,0,1,1,0,08032029
787,16-Jul-26,1480118,48448,PYN,CR07057734334,40,00004000000052589339,0000001002197_1,KANZLER SINGLES MINI 60GR 4S C120,120,0,12,12,0,30112026
788,16-Jul-26,1480118,48448,PYN,CR07057734334,03,00004000000052588875,0000001002561_1,EMINA SUN BATTLE SPF35 PA 60ML,36,0,1,1,0,12062029
789,16-Jul-26,1480118,48448,PYN,CR07057734334,02,00004000000052588868,0000001002698_1,SALONPAS KOYO 20S_1B10P,500,0,1,1,0,04042029
790,16-Jul-26,1480118,48448,PYN,CR07057734334,16,00004000000052589018,0000001002840_1,JAPOTA UMAMI JAPANESE SEAWEED 65GR_1C30P,30,0,3,3,0,28022027
791,16-Jul-26,1480118,48448,PYN,CR07057734334,25,00004000000052589148,0000001004040_1,NISSIN WALENS CHEESE SOES 100 G_1C30P,1,0,1,1,0,29062027
792,16-Jul-26,1480118,48448,PYN,CR07057734334,42,00004000000052589377,0000001004655_1,SOFTEX PL LW DS GREEN TEA 30S _1C24P,24,0,2,2,0,14062029
793,16-Jul-26,1480118,48448,PYN,CR07057734334,28,00004000000052589209,0000001005304_1,SPRITE WATERLYMON PET 425ML_1C12P_XXX,12,0,1,1,0,31012027
794,16-Jul-26,1480118,48448,PYN,CR07057734334,16,00004000000052589018,0000001007055_1,MAMASUKA RUMPUT LAUT SPICY 2X4.5GR_1C40P,40,0,1,1,0,18042027
795,16-Jul-26,1480118,48448,PYN,CR07057734334,18,00004000000052589032,0000001007068_1,MONDE SNACK SPICY TOMATO 50GR_1C30P,30,0,2,2,0,12052027
796,16-Jul-26,1480118,48448,PYN,CR07057734334,12,00004000000052588967,0000001009053_1,ANTIS SPRAY JAMINE TEA 55ML,144,0,2,2,0,12062029
797,16-Jul-26,1480118,48448,PYN,CR07057734334,23,00004000000052589094,0000001010590_1,WONG COCO MINI PUDDING 12S X 14G 168GR _1C24P,24,0,4,4,0,17052027
798,16-Jul-26,1480118,48448,PYN,CR07057734334,01,00004000000052588851,0000001010809_1,MILO SEREAL BAR COKELAT 23.5G_1C12B16P,192,0,2,2,0,07042027
799,16-Jul-26,1480118,48448,PYN,CR07057734334,24,00004000000052589124,0000001012269_1,SAMARA GULA AREN PREMIUM 500GR_YM,1,0,1,1,0,01062027
800,16-Jul-26,1480118,48448,PYN,CR07057734334,03,00004000000052588875,0000001012442_1,POSH HIJAB BODY SPRAY GREEN BLOSSOM 150ML_ 1C12P,12,0,1,1,0,11062029
801,16-Jul-26,1480118,48448,PYN,CR07057734334,42,00004000000052589377,0000001013448_1,CHARM NIGHT COOLING FRESH NIGHT 35CM 8S_1C24P,24,0,1,1,0,16062029
802,16-Jul-26,1480118,48448,PYN,CR07057734334,16,00004000000052589018,0000001020346_1,CHIKI BALLS CHEEKY CHICKEN 55GR_1C30P,30,0,2,2,0,12122026
803,16-Jul-26,1480118,48448,PYN,CR07057734334,18,00004000000052589032,0000001020351_1,CHIKI BALLS CRAFTY CHEESE 55GR_1C30P,30,0,5,5,0,09012027
804,16-Jul-26,1480118,48448,PYN,CR07057734334,23,00004000000052589094,0000001026770_1,CIMORY UHT CHOCOLATE 250 ML_1C24P,24,0,1,1,0,19022027
805,16-Jul-26,1480118,48448,PYN,CR07057734334,26,00004000000052589179,0000001026776_1,CIMORY UHT STRAWBERRY 250 ML_1C24P,24,0,1,1,0,12032027
806,16-Jul-26,1480118,48448,PYN,CR07057734334,25,00004000000052589148,0000001026958_1,MILNA BUBUR 8PLUS SALMON CAHBAYAM 120G_1C24P,24,0,1,1,0,12092027

